"IRACEMA_ID","name","smiles","class","bioactivities","targets","organisms","iupac","cas_rn","cas_name","inchi","inchikey","mol_formula","tpsa","exact_mol_weight","mol_weight","logp","RO5_violations","leadlikeness","PAINS","laboratory","institution","state","city","journal","year","volume","issue","first_page","last_page","doi"
"IRA-1","AS12/15","CC(C)=CCC1=C(O)c2ccccc2/C(=N/NC(N)=S)C1=O","Hydrazone",4,2,2,"{[(1Z)-4-hydroxy-3-(3-methylbut-2-en-1-yl)-2-oxo-1,2-dihydronaphthalen-1-ylidene]amino}thiourea","2991193-86-1","Hydrazinecarbothioamide, 2-[4-hydroxy-3-(3-methyl-2-buten-1-yl)-2-oxo-1(2H)-naphthalenylidene]-","InChI=1S/C16H17N3O2S/c1-9(2)7-8-12-14(20)11-6-4-3-5-10(11)13(15(12)21)18-19-16(17)22/h3-7,20H,8H2,1-2H3,(H3,17,19,22)/b18-13-","PINSRXIFMHJTJZ-AQTBWJFISA-N","C16H17N3O2S",87.71000000000001,315.104147784,315.3980000000001,2.431999999999999,,,,"Institute of Chemistry and Biotechnology (IQB)","Federal University of Alagoas","Alagoas","Maceió","Bioorganic & Medicinal Chemistry",2021,41,0,116213,0,"10.1016/j.bmc.2021.116213"
"IRA-2","IK-01","CC(C)=CCC1=C(O)c2ccccc2/C(=N/NC(=O)c2ccccn2)C1=O","Hydrazone",4,2,2,"N'-[(1Z)-4-hydroxy-3-(3-methylbut-2-en-1-yl)-2-oxo-1,2-dihydronaphthalen-1-ylidene]pyridine-2-carbohydrazide","2991121-06-1","4-Pyridinecarboxylic acid, 2-[4-hydroxy-3-(3-methyl-2-buten-1-yl)-2-oxo-1(2H)-naphthalenylidene]hydrazide","InChI=1S/C21H19N3O3/c1-13(2)10-11-16-19(25)15-8-4-3-7-14(15)18(20(16)26)23-24-21(27)17-9-5-6-12-22-17/h3-10,12,25H,11H2,1-2H3,(H,24,27)/b23-18-","LAWOGVILCFUFPM-NKFKGCMQSA-N","C21H19N3O3",91.65,361.142641468,361.4010000000001,3.423800000000001,,,,"Institute of Chemistry and Biotechnology (IQB)","Federal University of Alagoas","Alagoas","Maceió","Bioorganic & Medicinal Chemistry",2021,41,0,116213,0,"10.1016/j.bmc.2021.116213"
"IRA-3","JN-11","O=C1C=C(Nc2ccc(S(=O)(=O)Nc3ccccn3)cc2)C(=O)c2ccccc21","Sulfonamide",4,2,2,"4-[(1,4-dioxo-1,4-dihydronaphthalen-2-yl)amino]-N-(pyridin-2-yl)benzene-1-sulfonamide","63875-50-3","4-[(1,4-Dihydro-1,4-dioxo-2-naphthalenyl)amino]-N-2-pyridinylbenzenesulfonamide","InChI=1S/C21H15N3O4S/c25-19-13-18(21(26)17-6-2-1-5-16(17)19)23-14-8-10-15(11-9-14)29(27,28)24-20-7-3-4-12-22-20/h1-13,23H,(H,22,24)","XNQJJIVNDZHRJJ-UHFFFAOYSA-N","C21H15N3O4S",105.23,405.07832696,405.4350000000001,3.257400000000001,,,,"Institute of Chemistry and Biotechnology (IQB)","Federal University of Alagoas","Alagoas","Maceió","Bioorganic & Medicinal Chemistry",2021,41,0,116213,0,"10.1016/j.bmc.2021.116213"
"IRA-4","CR-70","O=C(NNC1=CC(=O)c2ccccc2C1=O)c1ccncc1","Hydrazone",2,2,2,"N'-(1,4-dioxo-1,4-dihydronaphthalen-2-yl)pyridine-4-carbohydrazide","22360-15-2","4-Pyridinecarboxylic acid, 2-(1,4-dihydro-1,4-dioxo-2-naphthalenyl)hydrazide","InChI=1S/C16H11N3O3/c20-14-9-13(15(21)12-4-2-1-3-11(12)14)18-19-16(22)10-5-7-17-8-6-10/h1-9,18H,(H,19,22)","BLPSOVCUUGYMIP-UHFFFAOYSA-N","C16H11N3O3",88.16000000000001,293.080041212,293.282,1.2791,,,,"Institute of Chemistry and Biotechnology (IQB)","Federal University of Alagoas","Alagoas","Maceió","Bioorganic & Medicinal Chemistry",2021,41,0,116213,0,"10.1016/j.bmc.2021.116213"
"IRA-5","JN-08","O=C1C=C(Nc2ccccc2)C(=O)c2ccccc21","Amine",2,2,2,"2-(phenylamino)-1,4-dihydronaphthalene-1,4-dione","6628-97-3","2-(Phenylamino)-1,4-naphthalenedione","InChI=1S/C16H11NO2/c18-15-10-14(17-11-6-2-1-3-7-11)16(19)13-9-5-4-8-12(13)15/h1-10,17H","OPECBHGHSFBITB-UHFFFAOYSA-N","C16H11NO2",46.17,249.078978592,249.269,3.061600000000001,,,,"Institute of Chemistry and Biotechnology (IQB)","Federal University of Alagoas","Alagoas","Maceió","Bioorganic & Medicinal Chemistry",2021,41,0,116213,0,"10.1016/j.bmc.2021.116213"
"IRA-36","5a","[2H]c1cc(CN(C)Cc2ccc3c(c2)OCO3)c([2H])c([2H])c1[2H]","Tertiary amines",6,6,1,"(2H-1,3-benzodioxol-5-ylmethyl)(benzyl)methylazanium ","651328-34-6","N-Methyl-N-(phenylmethyl)-1,3-benzodioxole-5-methanamine","InChI=1S/C16H17NO2/c1-17(10-13-5-3-2-4-6-13)11-14-7-8-15-16(9-14)19-12-18-15/h2-9H,10-12H2,1H3/i2D,3D,4D,5D","XYSLEQJWARNFLM-QFFDRWTDSA-N","C16H17NO2",21.7,259.151035768,259.341407112,3.047300000000002,,,,"Laboratório de Planejamento e Síntese de Substâncias Bioativas (LAPESSB)","University of São Paulo ","São Paulo","São Paulo","Bioorganic & Medicinal Chemistry",2016,24,19,4600,4610,"10.1016/j.bmc.2016.07.065"
"IRA-6","JN-13","[CH2+]c1cc(NS(=O)(=O)c2ccc(NC3=CC(=O)c4ccccc4C3=O)cc2)no1","Sulfonamide",2,2,2,"(3-{4-[(1,4-dioxo-1,4-dihydronaphthalen-2-yl)amino]benzenesulfonamido}-1,2-oxazol-5-yl)methylium","1204290-37-8","4-[(1,4-Dihydro-1,4-dioxo-2-naphthalenyl)amino]-N-(5-methyl-3-isoxazolyl)benzenesulfonamide","InChI=1S/C20H13N3O5S/c1-12-10-19(22-28-12)23-29(26,27)14-8-6-13(7-9-14)21-17-11-18(24)15-4-2-3-5-16(15)20(17)25/h2-11H,1H2,(H-,21,22,23,24)/p+1","BSRJJVQUIYYKRH-UHFFFAOYSA-O","C20H14N3O5S+",118.37,408.06486796809,408.4150000000001,3.032590000000001,,,,"Institute of Chemistry and Biotechnology (IQB)","Federal University of Alagoas","Alagoas","Maceió","Bioorganic & Medicinal Chemistry",2021,41,0,116213,0,"10.1016/j.bmc.2021.116213"
"IRA-7","JN-16","CC(NC1=CC(=O)c2ccccc2C1=O)c1ccccc1","Amine",2,2,2,"2-[(1-phenylethyl)amino]-1,4-dihydronaphthalene-1,4-dione","25050-33-3","2-[(1-Phenylethyl)amino]-1,4-naphthalenedione","InChI=1S/C18H15NO2/c1-12(13-7-3-2-4-8-13)19-16-11-17(20)14-9-5-6-10-15(14)18(16)21/h2-12,19H,1H3","DWEJIZYLCWATPH-UHFFFAOYSA-N","C18H15NO2",46.17,277.1102787200001,277.323,3.300300000000002,,,,"Institute of Chemistry and Biotechnology (IQB)","Federal University of Alagoas","Alagoas","Maceió","Bioorganic & Medicinal Chemistry",2021,41,0,116213,0,"10.1016/j.bmc.2021.116213"
"IRA-8","JN-22","O=C1C=C(O)c2ccccc2/C1=N/NC(=O)c1ccncc1","Hydrazone",2,2,2,"N'-[(1Z)-4-hydroxy-2-oxo-1,2-dihydronaphthalen-1-ylidene]pyridine-4-carbohydrazide","2991106-45-5","4-Pyridinecarboxylic acid, 2-(4-hydroxy-2-oxo-1(2H)-naphthalenylidene)hydrazide","InChI=1S/C16H11N3O3/c20-13-9-14(21)15(12-4-2-1-3-11(12)13)18-19-16(22)10-5-7-17-8-6-10/h1-9,20H,(H,19,22)/b18-15-","BRTLSAKUNCLNST-SDXDJHTJSA-N","C16H11N3O3",91.64999999999999,293.080041212,293.282,1.6973,,,,"Institute of Chemistry and Biotechnology (IQB)","Federal University of Alagoas","Alagoas","Maceió","Bioorganic & Medicinal Chemistry",2021,41,0,116213,0,"10.1016/j.bmc.2021.116213"
"IRA-9","LQM330","O=C(/C=C/c1ccc(C(F)(F)F)cc1)Nc1ccccc1","Acrylamid",4,3,2,"(2E)-N-phenyl-3-[4-(trifluoromethyl)phenyl]prop-2-enamide","1356470-34-2","(2E)-N-Phenyl-3-[4-(trifluoromethyl)phenyl]-2-propenamide","InChI=1S/C16H12F3NO/c17-16(18,19)13-9-6-12(7-10-13)8-11-15(21)20-14-4-2-1-3-5-14/h1-11H,(H,20,21)/b11-8+","UVVPCPBJRAQIAH-DHZHZOJOSA-N","C16H12F3NO",29.1,291.087098664,291.272,4.357300000000002,,,,"Institute of Chemistry and Biotechnology (IQB)","Federal University of Alagoas","Alagoas","Maceió","Pharmaceuticals",2020,13,7,141,0,"10.3390/ph13070141"
"IRA-27","LQM471","N#C/C(=C\c1ccc(-c2ccc(Cl)c(Cl)c2)o1)C(=O)CN1CCSCC1","α-cyanoacrylamide",11,4,3,"(2E)-2-{[5-(3,4-dichlorophenyl)furan-2-yl]methylidene}-3-oxo-4-(thiomorpholin-4-yl)butanenitrile","","","InChI=1S/C19H16Cl2N2O2S/c20-16-3-1-13(10-17(16)21)19-4-2-15(25-19)9-14(11-22)18(24)12-23-5-7-26-8-6-23/h1-4,9-10H,5-8,12H2/b14-9+","KNSJJPBWDBIEHN-NTEUORMPSA-N","C19H16Cl2N2O2S",57.24,406.030954112,407.3220000000003,4.778280000000004,,,,"Institute of Chemistry and Biotechnology (IQB)","Federal University of Alagoas","Alagoas","Maceió","New Journal of Chemistry",2022,46,42,20322,20346,"10.1039/d2nj01983c"
"IRA-10","LQM334","O=C(/C=C/c1cccc(Cl)c1)Nc1ccccc1","Acrylamid",1,1,1,"(2E)-3-(3-chlorophenyl)-N-phenylprop-2-enamide","1776071-73-8","(2E)-3-(3-Chlorophenyl)-N-phenyl-2-propenamide","InChI=1S/C15H12ClNO/c16-13-6-4-5-12(11-13)9-10-15(18)17-14-7-2-1-3-8-14/h1-11H,(H,17,18)/b10-9+","FCWLPQWRAKGOGU-MDZDMXLPSA-N","C15H12ClNO",29.1,257.060741684,257.72,3.991900000000002,,,,"Institute of Chemistry and Biotechnology (IQB)","Federal University of Alagoas","Alagoas","Maceió","Pharmaceuticals",2020,13,7,141,0,"10.3390/ph13070141"
"IRA-11","LQM336","COc1ccccc1/C=C/C(=O)Nc1ccccc1","Acrylamid",4,3,2,"(2E)-3-(2-methoxyphenyl)-N-phenylprop-2-enamide","340258-59-5","(2E)-3-(2-Methoxyphenyl)-N-phenyl-2-propenamide","InChI=1S/C16H15NO2/c1-19-15-10-6-5-7-13(15)11-12-16(18)17-14-8-3-2-4-9-14/h2-12H,1H3,(H,17,18)/b12-11+","YUKHTPWGBYDRNY-VAWYXSNFSA-N","C16H15NO2",38.33,253.11027872,253.301,3.347100000000001,,,,"Institute of Chemistry and Biotechnology (IQB)","Federal University of Alagoas","Alagoas","Maceió","Pharmaceuticals",2020,13,7,141,0,"10.3390/ph13070141"
"IRA-12","LQM333","O=C(/C=C/c1ccc(Cl)cc1Cl)Nc1ccccc1","Acrylamid",3,2,2,"(2E)-3-(2,4-dichlorophenyl)-N-phenylprop-2-enamide","1566418-33-4","(2E)-3-(2,4-Dichlorophenyl)-N-phenyl-2-propenamide","InChI=1S/C15H11Cl2NO/c16-12-8-6-11(14(17)10-12)7-9-15(19)18-13-4-2-1-3-5-13/h1-10H,(H,18,19)/b9-7+","UWZWIOSTPXTKRG-VQHVLOKHSA-N","C15H11Cl2NO",29.1,291.021769332,292.165,4.645300000000002,,,,"Institute of Chemistry and Biotechnology (IQB)","Federal University of Alagoas","Alagoas","Maceió","European Journal of Medicinal Chemistry",2023,258,0,115572,0,"10.1016/j.ejmech.2023.115572"
"IRA-13","LQM338","O=C(/C=C/c1ccc(Br)cc1)Nc1ccccc1","Acrylamid",1,1,1,"(2E)-3-(4-bromophenyl)-N-phenylprop-2-enamide","1566418-27-6","(2E)-3-(4-Bromophenyl)-N-phenyl-2-propenamide","InChI=1S/C15H12BrNO/c16-13-9-6-12(7-10-13)8-11-15(18)17-14-4-2-1-3-5-14/h1-11H,(H,17,18)/b11-8+","NJBLUNMQEZGATC-DHZHZOJOSA-N","C15H12BrNO",29.1,301.010226104,302.171,4.101000000000002,,,,"Institute of Chemistry and Biotechnology (IQB)","Federal University of Alagoas","Alagoas","Maceió","European Journal of Medicinal Chemistry",2023,258,0,115572,0,"10.1016/j.ejmech.2023.115572"
"IRA-28","LQM472","N#C/C(=C\c1ccc(-c2ccc(Cl)c(Cl)c2)o1)C(=O)CN1CCOCC1","α-cyanoacrylamide",10,4,3,"(2E)-2-{[5-(3,4-dichlorophenyl)furan-2-yl]methylidene}-4-(morpholin-4-yl)-3-oxobutanenitrile","1321875-76-6","(αZ)-α-[[5-(3,4-Dichlorophenyl)-2-furanyl]methylene]-β-oxo-4-morpholinepropanenitrile","InChI=1S/C19H16Cl2N2O3/c20-16-3-1-13(10-17(16)21)19-4-2-15(26-19)9-14(11-22)18(24)12-23-5-7-25-8-6-23/h1-4,9-10H,5-8,12H2/b14-9+","OHJAMVLWBLYVEI-NTEUORMPSA-N","C19H16Cl2N2O3",66.47,390.053797732,391.2540000000003,4.061680000000004,,,,"Institute of Chemistry and Biotechnology (IQB)","Federal University of Alagoas","Alagoas","Maceió","New Journal of Chemistry",2022,46,42,20322,20346,"10.1039/d2nj01983c"
"IRA-14","FN-27","COc1cccc2cc(/C(C)=N/NC(N)=S)c(=O)oc12","Coumarin",4,4,3,"[(E)-[1-(8-methoxy-2-oxo-2H-chromen-3-yl)ethylidene]amino]thiourea","2093387-94-9","(2E)-2-[1-(8-Methoxy-2-oxo-2H-1-benzopyran-3-yl)ethylidene]hydrazinecarbothioamide","InChI=1S/C13H13N3O3S/c1-7(15-16-13(14)20)9-6-8-4-3-5-10(18-2)11(8)19-12(9)17/h3-6H,1-2H3,(H3,14,16,20)/b15-7+","AFYLLZVESCIINV-VIZOYTHASA-N","C13H13N3O3S",89.85,291.0677622760001,291.332,1.3588,,,,"Institute of Chemistry and Biotechnology (IQB)","Federal University of Alagoas","Alagoas","Maceió","New Journal of Chemistry",2023,47,21,10127,10146,"10.1039/d2nj04946e"
"IRA-15","FN-10","CN(C)c1ccc(/C=C/C(=O)c2cc3ccccc3oc2=O)cc1","Coumarin",3,3,2,"3-[(2E)-3-[4-(dimethylamino)phenyl]prop-2-enoyl]-2H-chromen-2-one","1062580-34-0","3-[(2E)-3-[4-(Dimethylamino)phenyl]-1-oxo-2-propen-1-yl]-2H-1-benzopyran-2-one","InChI=1S/C20H17NO3/c1-21(2)16-10-7-14(8-11-16)9-12-18(22)17-13-15-5-3-4-6-19(15)24-20(17)23/h3-13H,1-2H3/b12-9+","YXAFTEQUCQIHOC-FMIVXFBMSA-N","C20H17NO3",50.52,319.120843404,319.36,3.755100000000002,,,,"Institute of Chemistry and Biotechnology (IQB)","Federal University of Alagoas","Alagoas","Maceió","New Journal of Chemistry",2023,47,21,10127,10146,"10.1039/d2nj04946e"
"IRA-16","RW-03","O=C(NCCO)c1cc2cc([N+](=O)[O-])ccc2oc1=O","Coumarin",2,2,2,"N‐(2‐hydroxyethyl)‐6‐nitro‐2‐oxo‐2H‐chromene‐3‐carboxamide","433974-52-8","N-(2-Hydroxyethyl)-6-nitro-2-oxo-2H-1-benzopyran-3-carboxamide","InChI=1S/C12H10N2O6/c15-4-3-13-11(16)9-6-7-5-8(14(18)19)1-2-10(7)20-12(9)17/h1-2,5-6,15H,3-4H2,(H,13,16)","VRSKVNDZLWUFRP-UHFFFAOYSA-N","C12H10N2O6",122.68,278.05388604,278.22,0.4232999999999998,,,,"Institute of Chemistry and Biotechnology (IQB)","Federal University of Alagoas","Alagoas","Maceió","New Journal of Chemistry",2023,47,21,10127,10146,"10.1039/d2nj04946e"
"IRA-17","FN-19","C/C(=N\NC(N)=S)c1cc2ccc(O)cc2oc1=O","Coumarin",1,1,1,"[(E)-[1-(7-hydroxy-2-oxo-2H-chromen-3-yl)ethylidene]amino]thiourea","1335024-14-0","Hydrazinecarbothioamide, 2-[1-(7-hydroxy-2-oxo-2H-1-benzopyran-3-yl)ethylidene]-","InChI=1S/C12H11N3O3S/c1-6(14-15-12(13)19)9-4-7-2-3-8(16)5-10(7)18-11(9)17/h2-5,16H,1H3,(H3,13,15,19)/b14-6+","JGGMVWOFVXGNGI-MKMNVTDBSA-N","C12H11N3O3S",100.85,277.0521122120001,277.305,1.0558,,,,"Institute of Chemistry and Biotechnology (IQB)","Federal University of Alagoas","Alagoas","Maceió","International Journal of Molecular Sciences",2023,24,6,5216,0,"10.3390/ijms24065216"
"IRA-18","FN-06","CC(=O)c1cc2ccc(O)cc2oc1=O","Coumarin",1,1,1,"3-acetyl-7-hydroxy-2H-chromen-2-one","10441-27-7","3-Acetyl-7-hydroxy-2H-1-benzopyran-2-one","InChI=1S/C11H8O4/c1-6(12)9-4-7-2-3-8(13)5-10(7)15-11(9)14/h2-5,13H,1H3","BRQZHMHHZLRXOO-UHFFFAOYSA-N","C11H8O4",67.51,204.042258736,204.181,1.7012,,,,"Institute of Chemistry and Biotechnology (IQB)","Federal University of Alagoas","Alagoas","Maceió","International Journal of Molecular Sciences",2023,24,6,5216,0,"10.3390/ijms24065216"
"IRA-19","FN-17","C/C(=N\NC(N)=O)c1cc2ccc(O)cc2oc1=O","Coumarin",1,1,1,"[(E)-[1-(7-hydroxy-2-oxo-2H-chromen-3-yl)ethylidene]amino]urea","2015152-51-7","(2E)-2-[1-(7-Hydroxy-2-oxo-2H-1-benzopyran-3-yl)ethylidene]hydrazinecarboxamide","InChI=1S/C12H11N3O4/c1-6(14-15-12(13)18)9-4-7-2-3-8(16)5-10(7)19-11(9)17/h2-5,16H,1H3,(H3,13,15,18)/b14-6+","DVTUVESCSYAQAO-MKMNVTDBSA-N","C12H11N3O4",117.92,261.074955832,261.237,0.8908999999999998,,,,"Institute of Chemistry and Biotechnology (IQB)","Federal University of Alagoas","Alagoas","Maceió","International Journal of Molecular Sciences",2023,24,6,5216,0,"10.3390/ijms24065216"
"IRA-20","FN-11","CN(C)c1ccc(/C=N/NC(=O)c2cc3ccccc3oc2=O)cc1","Coumarin",1,1,1,"N'-[(E)-[4-(dimethylamino)phenyl]methylidene]-2-oxo-2H-chromene-3-carbohydrazide","1313761-82-8","2-Oxo-2H-1-benzopyran-3-carboxylic acid 2-[[4-(dimethylamino)phenyl]methylene]hydrazide","InChI=1S/C19H17N3O3/c1-22(2)15-9-7-13(8-10-15)12-20-21-18(23)16-11-14-5-3-4-6-17(14)25-19(16)24/h3-12H,1-2H3,(H,21,23)/b20-12+","HHTKQFLSBVZUFI-UDWIEESQSA-N","C19H17N3O3",74.91,335.126991404,335.363,2.6229,,,,"Institute of Chemistry and Biotechnology (IQB)","Federal University of Alagoas","Alagoas","Maceió","International Journal of Molecular Sciences",2023,24,6,5216,0,"10.3390/ijms24065216"
"IRA-21","MP-05","COC(=O)c1cc2ccccc2oc1=O","Coumarin",1,1,1,"methyl 2-oxo-2H-chromene-3-carboxylate","21259-42-7","Methyl 2-oxo-2H-1-benzopyran-3-carboxylate","InChI=1S/C11H8O4/c1-14-10(12)8-6-7-4-2-3-5-9(7)15-11(8)13/h2-6H,1H3","JZAJARGAUOHFCU-UHFFFAOYSA-N","C11H8O4",56.51,204.042258736,204.181,1.5796,,,,"Institute of Chemistry and Biotechnology (IQB)","Federal University of Alagoas","Alagoas","Maceió","International Journal of Molecular Sciences",2023,24,6,5216,0,"10.3390/ijms24065216"
"IRA-22","3b","CC(C)OC(=O)c1c(NC(=S)Nc2ccccc2)sc2c1CCCC2","thiophen-2-iminothiazolidine",2,1,1,"propan-2-yl 2-[(phenylcarbamothioyl)amino]-4,5,6,7-tetrahydro-1-benzothiophene-3-carboxylate","1983199-90-1","1-Methylethyl 4,5,6,7-tetrahydro-2-[[(phenylamino)thioxomethyl]amino]benzo[b]thiophene-3-carboxylate","InChI=1S/C19H22N2O2S2/c1-12(2)23-18(22)16-14-10-6-7-11-15(14)25-17(16)21-19(24)20-13-8-4-3-5-9-13/h3-5,8-9,12H,6-7,10-11H2,1-2H3,(H2,20,21,24)","SAHBFHDVFKWSDJ-UHFFFAOYSA-N","C19H22N2O2S2",50.36,374.112269944,374.5310000000002,5.001000000000004,,,,"Institute of Chemistry and Biotechnology (IQB)","Federal University of Alagoas","Alagoas","Maceió","Bioorganic & medicinal chemistry",2016,24,18,4228,4240,"10.1016/j.bmc.2016.07.013"
"IRA-23","4b","CC(C)OC(=O)c1c(/N=C2\SCC(=O)N2c2ccccc2)sc2c1CCCC2","thiophen-2-iminothiazolidine",2,1,1,"propan-2-yl 2-{[(2Z)-4-oxo-3-phenyl-1,3-thiazolidin-2-ylidene]amino}-4,5,6,7-tetrahydro-1-benzothiophene-3-carboxylate","1983199-93-4","1-Methylethyl 4,5,6,7-tetrahydro-2-[(Z)-(4-oxo-3-phenyl-2-thiazolidinylidene)amino]benzo[b]thiophene-3-carboxylate","InChI=1S/C21H22N2O3S2/c1-13(2)26-20(25)18-15-10-6-7-11-16(15)28-19(18)22-21-23(17(24)12-27-21)14-8-4-3-5-9-14/h3-5,8-9,13H,6-7,10-12H2,1-2H3/b22-21-","WMVWGWABYSXDSD-DQRAZIAOSA-N","C21H22N2O3S2",58.97,414.107184564,414.5520000000001,4.959600000000004,,,,"Institute of Chemistry and Biotechnology (IQB)","Federal University of Alagoas","Alagoas","Maceió","Bioorganic & medicinal chemistry",2016,24,18,4228,4240,"10.1016/j.bmc.2016.07.013"
"IRA-24","8b","CC(C)OC(=O)c1c(/N=c2\scc(-c3ccccc3)n2-c2ccccc2)sc2c1CCCC2","thiophen-2-iminothiazolidine",2,1,1,"propan-2-yl 2-{[(2Z)-3,4-diphenyl-2,3-dihydro-1,3-thiazol-2-ylidene]amino}-4,5,6,7-tetrahydro-1-benzothiophene-3-carboxylate","1983200-05-0","1-Methylethyl 2-[(Z)-(3,4-diphenyl-2(3H)-thiazolylidene)amino]-4,5,6,7-tetrahydrobenzo[b]thiophene-3-carboxylate","InChI=1S/C27H26N2O2S2/c1-18(2)31-26(30)24-21-15-9-10-16-23(21)33-25(24)28-27-29(20-13-7-4-8-14-20)22(17-32-27)19-11-5-3-6-12-19/h3-8,11-14,17-18H,9-10,15-16H2,1-2H3/b28-27-","DZUASICROYLLHZ-DQSJHHFOSA-N","C27H26N2O2S2",43.59,474.143570072,474.6510000000001,6.943700000000007,,,,"Institute of Chemistry and Biotechnology (IQB)","Federal University of Alagoas","Alagoas","Maceió","Bioorganic & medicinal chemistry",2016,24,18,4228,4240,"10.1016/j.bmc.2016.07.013"
"IRA-25","8c","C=CCn1c(-c2ccccc2)cs/c1=N\c1sc2c(c1C(=O)OCC)CCCC2","thiophen-2-iminothiazolidine",5,2,1,"ethyl 2-{[(2Z)-4-phenyl-3-(prop-2-en-1-yl)-2,3-dihydro-1,3-thiazol-2-ylidene]amino}-4,5,6,7-tetrahydro-1-benzothiophene-3-carboxylate","1983200-06-1","Ethyl 4,5,6,7-tetrahydro-2-[(Z)-[4-phenyl-3-(2-propen-1-yl)-2(3H)-thiazolylidene]amino]benzo[b]thiophene-3-carboxylate","InChI=1S/C23H24N2O2S2/c1-3-14-25-18(16-10-6-5-7-11-16)15-28-23(25)24-21-20(22(26)27-4-2)17-12-8-9-13-19(17)29-21/h3,5-7,10-11,15H,1,4,8-9,12-14H2,2H3/b24-23-","XMTJOWLGJSFZED-VHXPQNKSSA-N","C23H24N2O2S2",43.59,424.127920008,424.5910000000001,5.752000000000005,,,,"Institute of Chemistry and Biotechnology (IQB)","Federal University of Alagoas","Alagoas","Maceió","Bioorganic & medicinal chemistry",2016,24,18,4228,4240,"10.1016/j.bmc.2016.07.013"
"IRA-26","LQM467","N#C/C(=C\c1ccc(-c2ccc(Cl)c(Cl)c2)o1)C(=O)CNCc1ccccc1","α-cyanoacrylamide",11,4,3,"(2E)-4-(benzylamino)-2-{[5-(3,4-dichlorophenyl)furan-2-yl]methylidene}-3-oxobutanenitrile","518350-21-5","2-cyano-3-[5-(3,4-dichlorophenyl)-2-furanyl]-N-methyl-N-(phenylmethyl)","InChI=1S/C22H16Cl2N2O2/c23-19-8-6-16(11-20(19)24)22-9-7-18(28-22)10-17(12-25)21(27)14-26-13-15-4-2-1-3-5-15/h1-11,26H,13-14H2/b17-10+","GJFLRCFZSPMIPG-LICLKQGHSA-N","C22H16Cl2N2O2",66.03,410.058883112,411.2880000000001,5.519280000000004,,,,"Institute of Chemistry and Biotechnology (IQB)","Federal University of Alagoas","Alagoas","Maceió","New Journal of Chemistry",2022,46,42,20322,20346,"10.1039/d2nj01983c"
"IRA-29","LQM474","CN1CCN(CC(=O)/C(C#N)=C/c2ccc(-c3ccc(Cl)c(Cl)c3)o2)CC1","α-cyanoacrylamide",9,4,3,"(2E)-2-{[5-(3,4-dichlorophenyl)furan-2-yl]methylidene}-4-(4-methylpiperazin-1-yl)-3-oxobutanenitrile","886032-68-4","α-[[5-(3,4-Dichlorophenyl)-2-furanyl]methylene]-4-methyl-β-oxo-1-piperazinepropanenitrile","InChI=1S/C20H19Cl2N3O2/c1-24-6-8-25(9-7-24)13-19(26)15(12-23)10-16-3-5-20(27-16)14-2-4-17(21)18(22)11-14/h2-5,10-11H,6-9,13H2,1H3/b15-10+","FXYWMTYJYLOABE-XNTDXEJSSA-N","C20H19Cl2N3O2",60.48,403.085432208,404.2970000000001,3.976880000000004,,,,"Institute of Chemistry and Biotechnology (IQB)","Federal University of Alagoas","Alagoas","Maceió","New Journal of Chemistry",2022,46,42,20322,20346,"10.1039/d2nj01983c"
"IRA-30","3a","[2H]c1cc(CNCc2ccc3c(c2)OCO3)c([2H])c([2H])c1[2H]","Secondary amines",6,6,1,"(2H-1,3-benzodioxol-5-ylmethyl)(benzyl)azanium ","4720-73-4","N-(Phenylmethyl)-1,3-benzodioxole-5-methanamine","InChI=1S/C15H15NO2/c1-2-4-12(5-3-1)9-16-10-13-6-7-14-15(8-13)18-11-17-14/h1-8,16H,9-11H2/i1D,2D,3D,4D","PUBLVNIUFCOQFU-RHQRLBAQSA-N","C15H15NO2",30.49,245.135385704,245.314407112,2.705100000000001,,,,"Laboratório de Planejamento e Síntese de Substâncias Bioativas (LAPESSB)","University of São Paulo ","São Paulo","São Paulo","Bioorganic & Medicinal Chemistry",2016,24,19,4600,4610,"10.1016/j.bmc.2016.07.065"
"IRA-31","3b","[2H]c1cc(C[N]Cc2ccc3c(c2)OCO3)c([2H])c([2H])c1OC","Secondary amines",6,6,1,"(2H-1,3-benzodioxol-5-ylmethyl)[(4-methoxyphenyl)methyl]azanium ","355816-15-8","N-[(4-Methoxyphenyl)methyl]-1,3-benzodioxole-5-methanamine","InChI=1S/C16H16NO3/c1-18-14-5-2-12(3-6-14)9-17-10-13-4-7-15-16(8-13)20-11-19-15/h2-8H,9-11H2,1H3/i2D,5D,6D","HUDWLAKUSBNRMF-UJESMPABSA-N","C16H16NO3",41.79000000000001,273.13184861,273.326305334,2.728500000000001,,,,"Laboratório de Planejamento e Síntese de Substâncias Bioativas (LAPESSB)","University of São Paulo ","São Paulo","São Paulo","Bioorganic & Medicinal Chemistry",2016,24,19,4600,4610,"10.1016/j.bmc.2016.07.065"
"IRA-32","3c","[2H]c1cc(C[N]Cc2ccc3c(c2)OCO3)c([2H])c(OC)c1OC","Secondary amines",6,6,1,"(2H-1,3-benzodioxol-5-ylmethyl)[(3,4-dimethoxyphenyl)methyl]azanium ","328002-39-7","N-[(3,4-Dimethoxyphenyl)methyl]-1,3-benzodioxole-5-methanamine","InChI=1S/C17H18NO4/c1-19-14-5-3-12(7-16(14)20-2)9-18-10-13-4-6-15-17(8-13)22-11-21-15/h3-8H,9-11H2,1-2H3/i5D,7D","VGUHQKBMNCXIDB-KULBFBBOSA-N","C17H18NO4",51.02000000000001,302.136136548,302.346203556,2.737100000000001,,,,"Laboratório de Planejamento e Síntese de Substâncias Bioativas (LAPESSB)","University of São Paulo ","São Paulo","São Paulo","Bioorganic & Medicinal Chemistry",2016,24,19,4600,4610,"10.1016/j.bmc.2016.07.065"
"IRA-33","3d","[2H]c1c(C[N]Cc2ccc3c(c2)OCO3)cc(OC)c(OC)c1OC","Secondary amines",6,6,1,"(2H-1,3-benzodioxol-5-ylmethyl)[(3,4,5-trimethoxyphenyl)methyl]azanium ","500221-69-2","N-[(3,4,5-Trimethoxyphenyl)methyl]-1,3-benzodioxole-5-methanamine","InChI=1S/C18H20NO5/c1-20-16-7-13(8-17(21-2)18(16)22-3)10-19-9-12-4-5-14-15(6-12)24-11-23-14/h4-8H,9-11H2,1-3H3/i7D","SCKBTBBUCPXNQK-WHRKIXHSSA-N","C18H20NO5",60.25000000000001,331.140424486,331.3661017780001,2.745700000000001,,,,"Laboratório de Planejamento e Síntese de Substâncias Bioativas (LAPESSB)","University of São Paulo ","São Paulo","São Paulo","Bioorganic & Medicinal Chemistry",2016,24,19,4600,4610,"10.1016/j.bmc.2016.07.065"
"IRA-34","3e","COc1ccc(CNCc2ccc3c(c2)OCO3)cc1O","Secondary amines",6,6,1,"(2H-1,3-benzodioxol-5-ylmethyl)[(4-hydroxy-3-methoxyphenyl)methyl]azanium  ","1042558-80-4","5-[[(1,3-Benzodioxol-5-ylmethyl)amino]methyl]-2-methoxyphenol","InChI=1S/C16H17NO4/c1-19-14-4-2-11(6-13(14)18)8-17-9-12-3-5-15-16(7-12)21-10-20-15/h2-7,17-18H,8-10H2,1H3","OTUOUTIFAJRDQR-UHFFFAOYSA-N","C16H17NO4",59.95,287.115758024,287.315,2.419300000000001,,,,"Laboratório de Planejamento e Síntese de Substâncias Bioativas (LAPESSB)","University of São Paulo ","São Paulo","São Paulo","Bioorganic & Medicinal Chemistry",2016,24,19,4600,4610,"10.1016/j.bmc.2016.07.065"
"IRA-35","3f","Oc1ccc(CNCc2ccc3c(c2)OCO3)cc1O","Secondary amines",6,6,1,"(2H-1,3-benzodioxol-5-ylmethyl)[(3,4-dihydroxyphenyl)methyl]azanium ","1042621-94-2","4-[[(1,3-Benzodioxol-5-ylmethyl)amino]methyl]-1,2-benzenediol","InChI=1S/C15H15NO4/c17-12-3-1-10(5-13(12)18)7-16-8-11-2-4-14-15(6-11)20-9-19-14/h1-6,16-18H,7-9H2","QKVYICSVLUGAJE-UHFFFAOYSA-N","C15H15NO4",70.95,273.10010796,273.288,2.1163,,,,"Laboratório de Planejamento e Síntese de Substâncias Bioativas (LAPESSB)","University of São Paulo ","São Paulo","São Paulo","Bioorganic & Medicinal Chemistry",2016,24,19,4600,4610,"10.1016/j.bmc.2016.07.065"
"IRA-37","5b","[2H]c1cc(CN(C)Cc2ccc3c(c2)OCO3)c([2H])c([2H])c1OC","Tertiary amines",6,6,1,"(2H-1,3-benzodioxol-5-ylmethyl)[(4-methoxyphenyl)methyl]methyl azanium","801199-69-9","N-[(4-Methoxyphenyl)methyl]-N-methyl-1,3-benzodioxole-5-methanamine","InChI=1S/C17H19NO3/c1-18(10-13-3-6-15(19-2)7-4-13)11-14-5-8-16-17(9-14)21-12-20-16/h3-9H,10-12H2,1-2H3/i3D,6D,7D","BBTUHAYZQQPJFL-YXAOJZFASA-N","C17H19NO3",30.93,288.1553237059999,288.361305334,3.055900000000001,,,,"Laboratório de Planejamento e Síntese de Substâncias Bioativas (LAPESSB)","University of São Paulo ","São Paulo","São Paulo","Bioorganic & Medicinal Chemistry",2016,24,19,4600,4610,"10.1016/j.bmc.2016.07.065"
"IRA-38","5c","[2H]c1cc(CN(C)Cc2ccc3c(c2)OCO3)c([2H])c(OC)c1OC","Tertiary amines",6,6,1,"(2H-1,3-benzodioxol-5-ylmethyl)[(3,4-dimethoxyphenyl)methyl]methylazanium","802603-60-7","N-[(3,4-Dimethoxyphenyl)methyl]-N-methyl-1,3-benzodioxole-5-methanamine","InChI=1S/C18H21NO4/c1-19(10-13-4-6-15(20-2)17(8-13)21-3)11-14-5-7-16-18(9-14)23-12-22-16/h4-9H,10-12H2,1-3H3/i6D,8D","VUXNCNOZKKMQNL-XNOGNMAASA-N","C18H21NO4",40.16,317.159611644,317.381203556,3.064500000000002,,,,"Laboratório de Planejamento e Síntese de Substâncias Bioativas (LAPESSB)","University of São Paulo ","São Paulo","São Paulo","Bioorganic & Medicinal Chemistry",2016,24,19,4600,4610,"10.1016/j.bmc.2016.07.065"
"IRA-39","5d","[2H]c1c(CN(C)Cc2ccc3c(c2)OCO3)cc(OC)c(OC)c1OC","Tertiary amines",6,6,1,"(2H-1,3-benzodioxol-5-ylmethyl)(methyl)[(3,4,5-trimethoxyphenyl)methyl]azanium ","2001087-44-9","N-Methyl-N-[(3,4,5-trimethoxyphenyl)methyl]-1,3-benzodioxole-5-methanamine","InChI=1S/C19H23NO5/c1-20(10-13-5-6-15-16(7-13)25-12-24-15)11-14-8-17(21-2)19(23-4)18(9-14)22-3/h5-9H,10-12H2,1-4H3/i8D","KXJPBHCRJVSMBG-BNEYPBHNSA-N","C19H23NO5",49.39,346.1638995819999,346.4011017780001,3.073100000000002,,,,"Laboratório de Planejamento e Síntese de Substâncias Bioativas (LAPESSB)","University of São Paulo ","São Paulo","São Paulo","Bioorganic & Medicinal Chemistry",2016,24,19,4600,4610,"10.1016/j.bmc.2016.07.065"
"IRA-40","7","N=C(N)NN=Cc1ccc[nH]1","Pyrrol",2,2,1,"2-(1H-pyrrol-2-ylmethylideneamino)guanidine","1985668-97-0","(2E)-2-(1H-Pyrrol-2-ylmethylene)hydrazinecarboximidamide","InChI=1S/C6H9N5/c7-6(8)11-10-4-5-2-1-3-9-5/h1-4,9H,(H4,7,8,11)","KPLSTJVTISYPSF-UHFFFAOYSA-N","C6H9N5",90.05,151.085795288,151.173,-0.16833,,,,"Laboratório de Integração entre Técnicas Experimentais e Computacionais (LITEC) ","University of São Paulo ","São Paulo","São Paulo","Journal of Biomolecular Structure & Dynamics",2016,34,6,1244,1259,"10.1080/07391102.2016.1176603"
"IRA-41","8","NC(=S)N/N=C/c1ccc[nH]1","Pyrrol",2,2,1,"","5451-36-5","2-(1H-Pyrrol-2-ylmethylene)hydrazinecarbothioamide","InChI=1S/C6H8N4S/c7-6(11)10-9-4-5-2-1-3-8-5/h1-4,8H,(H3,7,10,11)/b9-4+","DYBBJPJQYIJFJO-RUDMXATFSA-N","C6H8N4S",66.2,168.046967256,168.225,0.1818000000000001,,,,"Laboratório de Integração entre Técnicas Experimentais e Computacionais (LITEC) ","University of São Paulo ","São Paulo","São Paulo","Journal of Biomolecular Structure & Dynamics",2016,34,6,1244,1259,"10.1080/07391102.2016.1176603"
"IRA-42","9","NC(=O)N/N=C/c1ccc[nH]1","Pyrrol",2,2,1,"","89533-24-4","2-(1H-Pyrrol-2-ylmethylene)hydrazinecarboxamide","InChI=1S/C6H8N4O/c7-6(11)10-9-4-5-2-1-3-8-5/h1-4,8H,(H3,7,10,11)/b9-4+","BLXJTLSGPARZGA-RUDMXATFSA-N","C6H8N4O",83.27,152.069810876,152.157,0.01690000000000008,,,,"Laboratório de Integração entre Técnicas Experimentais e Computacionais (LITEC) ","University of São Paulo ","São Paulo","São Paulo","Journal of Biomolecular Structure & Dynamics",2016,34,6,1244,1259,"10.1080/07391102.2016.1176603"
"IRA-43","10","CN(C)c1ccc(/C=N/NC(=N)N)cc1","Benzene ring with dimethylamino",1,1,1,"","38407-85-1","2-[[4-(Dimethylamino)phenyl]methylene]hydrazinecarboximidamide","InChI=1S/C10H15N5/c1-15(2)9-5-3-8(4-6-9)7-13-14-10(11)12/h3-7H,1-2H3,(H4,11,12,14)/b13-7+","KGSVTIOPRMVDLA-NTUHNPAUSA-N","C10H15N5",77.5,205.13274548,205.265,0.5695700000000001,,,,"Laboratório de Integração entre Técnicas Experimentais e Computacionais (LITEC) ","University of São Paulo ","São Paulo","São Paulo","Journal of Biomolecular Structure & Dynamics",2016,34,6,1244,1259,"10.1080/07391102.2016.1176603"
"IRA-87","4a","CS(=O)(=O)N/N=C/c1ccco1","Sulfonylhydrazones",2,2,1,"N-(furan-2-ylmethylideneamino)methanesulfonamide","416886-65-2","Methanesulfonic acid, 2-(2-furanylmethylene)hydrazide","InChI=1S/C6H8N2O3S/c1-12(9,10)8-7-5-6-3-2-4-11-6/h2-5,8H,1H3/b7-5+","IDWNNVAXMBTCJK-FNORWQNLSA-N","C6H8N2O3S",71.67,188.025563116,188.208,0.1626999999999999,,,,"Laboratório de Integração entre Técnicas Experimentais e Computacionais (LITEC) ","University of São Paulo ","São Paulo","São Paulo","Future Medicinal Chemistry",2020,13,0,223,250,"10.4155/fmc-2020-0229"
"IRA-44","11","CN(C)c1ccc(C=NNC(N)=S)cc1","Benzene ring with dimethylamino",2,2,1,"[[4-(dimethylamino)phenyl]methylideneamino]thiourea","2929-81-9","4-(Dimethylamino)benzaldehyde thiosemicarbazone","InChI=1S/C10H14N4S/c1-14(2)9-5-3-8(4-6-9)7-12-13-10(11)15/h3-7H,1-2H3,(H3,11,13,15)","MUDHKEQEBJQRRG-UHFFFAOYSA-N","C10H14N4S",53.65,222.093917448,222.317,0.9197000000000002,,,,"Laboratório de Integração entre Técnicas Experimentais e Computacionais (LITEC) ","University of São Paulo ","São Paulo","São Paulo","Journal of Biomolecular Structure & Dynamics",2016,34,6,1244,1259,"10.1080/07391102.2016.1176603"
"IRA-45","12","CN(C)c1ccc(C=NNC(N)=O)cc1","Benzene ring with dimethylamino",2,2,1,"[[4-(dimethylamino)phenyl]methylideneamino]urea","2929-82-0","2-[[4-(Dimethylamino)phenyl]methylene]hydrazinecarboxamide","InChI=1S/C10H14N4O/c1-14(2)9-5-3-8(4-6-9)7-12-13-10(11)15/h3-7H,1-2H3,(H3,11,13,15)","NMHVBJBGCKBVDH-UHFFFAOYSA-N","C10H14N4O",70.72,206.116761068,206.249,0.7548000000000001,,,,"Laboratório de Integração entre Técnicas Experimentais e Computacionais (LITEC) ","University of São Paulo ","São Paulo","São Paulo","Journal of Biomolecular Structure & Dynamics",2016,34,6,1244,1259,"10.1080/07391102.2016.1176603"
"IRA-46","3f","CC(C)(C)c1ccc(S(=O)(=O)N/N=C/c2ccc3c(c2)OCO3)cc1","Sulfonylhydrazones",3,3,2,"N-(1,3-benzodioxol-5-ylmethylideneamino)-4-tert-butylbenzenesulfonamide","2141966-51-8","4-(1,1-Dimethylethyl)benzenesulfonic acid (2E)-2-(1,3-benzodioxol-5-ylmethylene)hydrazide","InChI=1S/C18H20N2O4S/c1-18(2,3)14-5-7-15(8-6-14)25(21,22)20-19-11-13-4-9-16-17(10-13)24-12-23-16/h4-11,20H,12H2,1-3H3/b19-11+","PQLZNCSDFFWYOR-YBFXNURJSA-N","C18H20N2O4S",76.99000000000001,360.11437812,360.4350000000001,3.025200000000001,,,,"Laboratório de Planejamento e Síntese de Substâncias Bioativas (LAPESSB)","University of São Paulo ","São Paulo","São Paulo","Letters in Drug Design and Discovery",2018,15,12,1288,1298,"10.2174/1570180815666180321161513"
"IRA-47","4f","COc1cc(/C=N/NS(=O)(=O)c2ccc(C(C)(C)C)cc2)ccc1O","Sulfonylhydrazones",3,3,2,"(E)-4-(tert-butyl)-N'-(4-hydroxy-3-methoxybenzylidene)benzenesulfonohydrazone","2141966-59-6","[N(E)]-4-(1,1-Dimethylethyl)benzenesulfonic acid (2E)-2-[(4-hydroxy-3-methoxyphenyl)methylene]hydrazide","InChI=1S/C18H22N2O4S/c1-18(2,3)14-6-8-15(9-7-14)25(22,23)20-19-12-13-5-10-16(21)17(11-13)24-4/h5-12,20-21H,1-4H3/b19-12+","IPWCIMLUGPTZDG-XDHOZWIPSA-N","C18H22N2O4S",87.99000000000001,362.130028184,362.4510000000001,3.010700000000001,,,,"Laboratório de Planejamento e Síntese de Substâncias Bioativas (LAPESSB)","University of São Paulo ","São Paulo","São Paulo","Letters in Drug Design and Discovery",2018,15,12,1288,1298,"10.2174/1570180815666180321161513"
"IRA-48","3a","[2H]c1ccc(C(O)CNC([2H])([2H])c2ccccc2)cc1","Aminoalcohols",3,3,1,"2-(benzilamine)-1-phenylethan-1-ol","27159-30-4","α-[[(Phenylmethyl)amino]methyl]benzenemethanol","InChI=1S/C15H17NO/c17-15(14-9-5-2-6-10-14)12-16-11-13-7-3-1-4-8-13/h1-10,15-17H,11-12H2/i2D,11D2","XAOCLQUZOIZSHV-FZVXVBPHSA-N","C15H17NO",32.26,230.149844402,230.325305334,2.509800000000001,,,,"Center for Research and Advancements in Fragments and Molecular Targets (CRAFT)","University of São Paulo","São Paulo","Ribeirão Preto","European Journal of Medicinal Chemistry",2018,157,0,657,664,"10.1016/j.ejmech.2018.07.055"
"IRA-49","3b","OC(CNCCc1ccccc1)c1ccccc1","Aminoalcohols",3,3,1,"1-phenyl-2-(2-phenylethylamino)ethanol","4164-20-9","α-[[(2-Phenylethyl)amino]methyl]benzenemethanol","InChI=1S/C16H19NO/c18-16(15-9-5-2-6-10-15)13-17-12-11-14-7-3-1-4-8-14/h1-10,16-18H,11-13H2","LXTNZWGUMORTKT-UHFFFAOYSA-N","C16H19NO",32.26,241.146664228,241.334,2.552300000000001,,,,"Center for Research and Advancements in Fragments and Molecular Targets (CRAFT)","University of São Paulo","São Paulo","Ribeirão Preto","European Journal of Medicinal Chemistry",2018,157,0,657,664,"10.1016/j.ejmech.2018.07.055"
"IRA-50","3c","OC(CNCCCc1ccccc1)c1ccccc1","Aminoalcohols",3,3,1,"1-phenyl-2-((3-phenylpropyl)amino)ethan-1-ol","1156041-70-1","α-[[(3-phenylpropyl)amino]methyl]","InChI=1S/C17H21NO/c19-17(16-11-5-2-6-12-16)14-18-13-7-10-15-8-3-1-4-9-15/h1-6,8-9,11-12,17-19H,7,10,13-14H2","RGPGRFUHKBXJLQ-UHFFFAOYSA-N","C17H21NO",32.26,255.162314292,255.361,2.942400000000001,,,,"Center for Research and Advancements in Fragments and Molecular Targets (CRAFT)","University of São Paulo","São Paulo","Ribeirão Preto","European Journal of Medicinal Chemistry",2018,157,0,657,664,"10.1016/j.ejmech.2018.07.055"
"IRA-51","3d","OC(CNCCCCc1ccccc1)c1ccccc1","Aminoalcohols",3,3,1,"1-phenyl-2-(3-phenylpropylamino)ethanol","1710807-33-2","α-[[(4-phenylbutyl)amino]methyl]","InChI=1S/C18H23NO/c20-18(17-12-5-2-6-13-17)15-19-14-8-7-11-16-9-3-1-4-10-16/h1-6,9-10,12-13,18-20H,7-8,11,14-15H2","KSFLZZSPVCWNIE-UHFFFAOYSA-N","C18H23NO",32.26,269.177964356,269.3879999999999,3.332500000000002,,,,"Center for Research and Advancements in Fragments and Molecular Targets (CRAFT)","University of São Paulo","São Paulo","Ribeirão Preto","European Journal of Medicinal Chemistry",2018,157,0,657,664,"10.1016/j.ejmech.2018.07.055"
"IRA-52","3e","CC(C)(C)NCC(O)c1ccccc1","Aminoalcohols",3,3,1,"2-(butylamino)-1-phenylethan-1-ol","18366-40-0","α-[[(1,1-Dimethylethyl)amino]methyl]benzenemethanol","InChI=1S/C12H19NO/c1-12(2,3)13-9-11(14)10-7-5-4-6-8-10/h4-8,11,13-14H,9H2,1-3H3","NRVOOKOHYKJCPB-UHFFFAOYSA-N","C12H19NO",32.26,193.146664228,193.29,2.108100000000001,,,,"Center for Research and Advancements in Fragments and Molecular Targets (CRAFT)","University of São Paulo","São Paulo","Ribeirão Preto","European Journal of Medicinal Chemistry",2018,157,0,657,664,"10.1016/j.ejmech.2018.07.055"
"IRA-53","3f","OC(CNCCCCc1ccccc1)c1ccc(Br)cc1","Aminoalcohols",3,3,1,"1-(4-bromophenyl)-2-((4-phenylbutyl)amino)ethan-1-ol","2252250-55-6","4-Bromo-α-[[(4-phenylbutyl)amino]methyl]benzenemethanol","InChI=1S/C18H22BrNO/c19-17-11-9-16(10-12-17)18(21)14-20-13-5-4-8-15-6-2-1-3-7-15/h1-3,6-7,9-12,18,20-21H,4-5,8,13-14H2","UTUJRKAFRKWGSM-UHFFFAOYSA-N","C18H22BrNO",32.26,347.088476424,348.284,4.095000000000004,,,,"Center for Research and Advancements in Fragments and Molecular Targets (CRAFT)","University of São Paulo","São Paulo","Ribeirão Preto","European Journal of Medicinal Chemistry",2018,157,0,657,664,"10.1016/j.ejmech.2018.07.055"
"IRA-100","2c","Oc1c(Br)cc(I)c2cccnc12","Quinoline",2,2,2,"7-bromo-5-iodoquinolin-8-ol","37178-96-4","7-Bromo-5-iodo-8-quinolinol","InChI=1S/C9H5BrINO/c10-6-4-7(11)5-2-1-3-12-8(5)9(6)13/h1-4,13H","CDGSLUSMMRRKFA-UHFFFAOYSA-N","C9H5BrINO",33.12,348.85992388,349.953,3.3075,,,,"Instituto de Ciências Ambientais, Químicas e Farmacêuticas (ICAQF)","Federal University of São Paulo","São Paulo","Diadema","Future Medicinal Chemistry",2018,10,0,2069,2085,"10.4155/fmc-2018-0124"
"IRA-54","3g","OC(CNCc1ccccc1)c1ccc(Br)cc1","Aminoalcohols",3,3,1,"2-(benzylamino)-1-(4-bromophenyl)ethan-1-ol","101111-44-8","4-Bromo-α-[[(phenylmethyl)amino]methyl]benzenemethanol","InChI=1S/C15H16BrNO/c16-14-8-6-13(7-9-14)15(18)11-17-10-12-4-2-1-3-5-12/h1-9,15,17-18H,10-11H2","GZFWXAXTKVREAA-UHFFFAOYSA-N","C15H16BrNO",32.26,305.041526232,306.203,3.272300000000001,,,,"Center for Research and Advancements in Fragments and Molecular Targets (CRAFT)","University of São Paulo","São Paulo","Ribeirão Preto","European Journal of Medicinal Chemistry",2018,157,0,657,664,"10.1016/j.ejmech.2018.07.055"
"IRA-55","3h","OC(CNc1ccccc1)c1ccccc1","Aminoalcohols",3,3,1,"1-phenyl-2-(phenylamino)ethanol","31121-09-2","α-[(Phenylamino)methyl]benzenemethanol","InChI=1S/C14H15NO/c16-14(12-7-3-1-4-8-12)11-15-13-9-5-2-6-10-13/h1-10,14-16H,11H2","GGMOJBRNGQDSQN-UHFFFAOYSA-N","C14H15NO",32.26,213.1153641,213.28,2.832100000000001,,,,"Center for Research and Advancements in Fragments and Molecular Targets (CRAFT)","University of São Paulo","São Paulo","Ribeirão Preto","European Journal of Medicinal Chemistry",2018,157,0,657,664,"10.1016/j.ejmech.2018.07.055"
"IRA-56","5a","c1ccc(CN2CC2c2ccccc2)cc1","Aziridines",3,3,1,"1,2-di(phenyl)aziridine","27159-38-2","2-phenyl-1-(phenylmethyl)","InChI=1S/C15H15N/c1-3-7-13(8-4-1)11-16-12-15(16)14-9-5-2-6-10-14/h1-10,15H,11-12H2","DFFUVKYEPUBJTB-UHFFFAOYSA-N","C15H15N",3.01,209.12044948,209.292,3.243500000000002,,,,"Center for Research and Advancements in Fragments and Molecular Targets (CRAFT)","University of São Paulo","São Paulo","Ribeirão Preto","European Journal of Medicinal Chemistry",2018,157,0,657,664,"10.1016/j.ejmech.2018.07.055"
"IRA-57","5b","c1ccc(CCN2CC2c2ccccc2)cc1","Aziridines",3,3,1,"1-phenethyl-2-phenylaziridine","4164-22-1","2-Phenyl-1-(2-phenylethyl)aziridine","InChI=1S/C16H17N/c1-3-7-14(8-4-1)11-12-17-13-16(17)15-9-5-2-6-10-15/h1-10,16H,11-13H2","ZTSNYHQXLQARLW-UHFFFAOYSA-N","C16H17N",3.01,223.136099544,223.319,3.286000000000002,,,,"Center for Research and Advancements in Fragments and Molecular Targets (CRAFT)","University of São Paulo","São Paulo","Ribeirão Preto","European Journal of Medicinal Chemistry",2018,157,0,657,664,"10.1016/j.ejmech.2018.07.055"
"IRA-58","5c","c1ccc(CCCN2CC2c2ccccc2)cc1","Aziridines",3,3,1,"2-phenyl-1-(3-phenylpropyl)aziridine","2252254-63-8","Aziridine, 2-phenyl-1-(3-phenylpropyl)-","InChI=1S/C17H19N/c1-3-8-15(9-4-1)10-7-13-18-14-17(18)16-11-5-2-6-12-16/h1-6,8-9,11-12,17H,7,10,13-14H2","HJBJXGBICCNTOP-UHFFFAOYSA-N","C17H19N",3.01,237.151749608,237.346,3.676100000000003,,,,"Center for Research and Advancements in Fragments and Molecular Targets (CRAFT)","University of São Paulo","São Paulo","Ribeirão Preto","European Journal of Medicinal Chemistry",2018,157,0,657,664,"10.1016/j.ejmech.2018.07.055"
"IRA-59","5d","c1ccc(CCCCN2CC2c2ccccc2)cc1","Aziridines",3,3,1,"2-phenyl-1-(4-phenylbutyl)aziridine","2252255-93-7","Aziridine, 2-phenyl-1-(4-phenylbutyl)-","InChI=1S/C18H21N/c1-3-9-16(10-4-1)11-7-8-14-19-15-18(19)17-12-5-2-6-13-17/h1-6,9-10,12-13,18H,7-8,11,14-15H2","JGLPIBSNKCVJDZ-UHFFFAOYSA-N","C18H21N",3.01,251.167399672,251.373,4.066200000000003,,,,"Center for Research and Advancements in Fragments and Molecular Targets (CRAFT)","University of São Paulo","São Paulo","Ribeirão Preto","European Journal of Medicinal Chemistry",2018,157,0,657,664,"10.1016/j.ejmech.2018.07.055"
"IRA-60","1a","Cc1ccc(S(=O)(=O)N/N=C/c2ccco2)cc1","Sulfonylhydrazones",3,3,2,"N-(thiophen-2-ylmethylideneamino)methanesulfonamide","18708-18-4","4-Methylbenzenesulfonic acid 2-(2-furanylmethylene)hydrazide","InChI=1S/C12H12N2O3S/c1-10-4-6-12(7-5-10)18(15,16)14-13-9-11-3-2-8-17-11/h2-9,14H,1H3/b13-9+","QHAQHUCZLYGDLT-UKTHLTGXSA-N","C12H12N2O3S",71.67,264.056863244,264.306,1.90042,,,,"Laboratório de Integração entre Técnicas Experimentais e Computacionais (LITEC) ","University of São Paulo ","São Paulo","São Paulo","Future Medicinal Chemistry",2020,13,0,223,250,"10.4155/fmc-2020-0229"
"IRA-61","1b","Cc1ccc(S(=O)(=O)NN=Cc2ccc([N+](=O)[O-])o2)cc1","Sulfonylhydrazones",3,3,2,"4-methyl-N-[(5-nitrofuran-2-yl)methylideneamino]benzenesulfonamide","13777-58-7","4-Methylbenzenesulfonic acid 2-[(5-nitro-2-furanyl)methylene]hydrazide","InChI=1S/C12H11N3O5S/c1-9-2-5-11(6-3-9)21(18,19)14-13-8-10-4-7-12(20-10)15(16)17/h2-8,14H,1H3","SSIYXPQTINJTLT-UHFFFAOYSA-N","C12H11N3O5S",114.81,309.041941452,309.3030000000001,1.80862,,,,"Laboratório de Integração entre Técnicas Experimentais e Computacionais (LITEC) ","University of São Paulo ","São Paulo","São Paulo","Future Medicinal Chemistry",2020,13,0,223,250,"10.4155/fmc-2020-0229"
"IRA-62","1c","Cc1ccc(S(=O)(=O)N/N=C/c2cccs2)cc1","Sulfonylhydrazones",2,2,2,"4-methyl-N-(thiophen-2-ylmethylideneamino)benzenesulfonamide","36331-49-4","4-Methylbenzenesulfonic acid 2-(2-thienylmethylene)hydrazide","InChI=1S/C12H12N2O2S2/c1-10-4-6-12(7-5-10)18(15,16)14-13-9-11-3-2-8-17-11/h2-9,14H,1H3/b13-9+","PMRVBPJVOSPFOE-UKTHLTGXSA-N","C12H12N2O2S2",58.53,280.034019624,280.374,2.36892,,,,"Laboratório de Integração entre Técnicas Experimentais e Computacionais (LITEC) ","University of São Paulo ","São Paulo","São Paulo","Future Medicinal Chemistry",2020,13,0,223,250,"10.4155/fmc-2020-0229"
"IRA-63","1d","Cc1ccc(S(=O)(=O)N/N=C/c2ccc([N+](=O)[O-])s2)cc1","Sulfonylhydrazones",2,2,2,"4-methyl-N-[(5-nitrothiophen-2-yl)methylideneamino]benzenesulfonamide","351982-29-1","4-Methylbenzenesulfonic acid 2-[(5-nitro-2-thienyl)methylene]hydrazide","InChI=1S/C12H11N3O4S2/c1-9-2-5-11(6-3-9)21(18,19)14-13-8-10-4-7-12(20-10)15(16)17/h2-8,14H,1H3/b13-8+","QXZBAFPRLJEXAA-MDWZMJQESA-N","C12H11N3O4S2",101.67,325.019097832,325.371,2.27712,,,,"Laboratório de Integração entre Técnicas Experimentais e Computacionais (LITEC) ","University of São Paulo ","São Paulo","São Paulo","Future Medicinal Chemistry",2020,13,0,223,250,"10.4155/fmc-2020-0229"
"IRA-64","1e","Cc1ccc(S(=O)(=O)N/N=C/c2ccc[nH]2)cc1","Sulfonylhydrazones",2,2,1,"","71847-82-0","4-Methylbenzenesulfonic acid 2-(1H-pyrrol-2-ylmethylene)hydrazide","InChI=1S/C12H13N3O2S/c1-10-4-6-12(7-5-10)18(16,17)15-14-9-11-3-2-8-13-11/h2-9,13,15H,1H3/b14-9+","SIANFQKZIVEUKL-NTEUORMPSA-N","C12H13N3O2S",74.32,263.072847656,263.322,1.63552,,,,"Laboratório de Integração entre Técnicas Experimentais e Computacionais (LITEC) ","University of São Paulo ","São Paulo","São Paulo","Future Medicinal Chemistry",2020,13,0,223,250,"10.4155/fmc-2020-0229"
"IRA-65","1f","Cc1ccc(S(=O)(=O)N/N=C/c2ccc(N(C)C)cc2)cc1","Sulfonylhydrazones",3,3,2,"N-[(4-dimethylaminophenyl)methylideneamino]-4-methylbenzenesulfonamide","18708-16-2","4-Methylbenzenesulfonic acid 2-[[4-(dimethylamino)phenyl]methylene]hydrazide","InChI=1S/C16H19N3O2S/c1-13-4-10-16(11-5-13)22(20,21)18-17-12-14-6-8-15(9-7-14)19(2)3/h4-12,18H,1-3H3/b17-12+","GMMHANXVXWEFGR-SFQUDFHCSA-N","C16H19N3O2S",61.77,317.1197978480001,317.414,2.37342,,,,"Laboratório de Integração entre Técnicas Experimentais e Computacionais (LITEC) ","University of São Paulo ","São Paulo","São Paulo","Future Medicinal Chemistry",2020,13,0,223,250,"10.4155/fmc-2020-0229"
"IRA-66","1g","C/C(=N\NS(=O)(=O)c1ccc(C)cc1)c1ccco1","Sulfonylhydrazones",2,2,1,"","68727-98-0","4-Methylbenzenesulfonic acid 2-[1-(2-furanyl)ethylidene]hydrazide","InChI=1S/C13H14N2O3S/c1-10-5-7-12(8-6-10)19(16,17)15-14-11(2)13-4-3-9-18-13/h3-9,15H,1-2H3/b14-11+","YULWGTFKDFCAEO-SDNWHVSQSA-N","C13H14N2O3S",71.67,278.072513308,278.333,2.29052,,,,"Laboratório de Integração entre Técnicas Experimentais e Computacionais (LITEC) ","University of São Paulo ","São Paulo","São Paulo","Future Medicinal Chemistry",2020,13,0,223,250,"10.4155/fmc-2020-0229"
"IRA-67","1h","C/C(=N\NS(=O)(=O)c1ccc(C)cc1)c1cccs1","Sulfonylhydrazones",3,3,2,"4-methyl-N-(1-thiophen-2-ylethylideneamino)benzenesulfonamide","68728-03-0","4-Methylbenzenesulfonic acid 2-[1-(2-thienyl)ethylidene]hydrazide","InChI=1S/C13H14N2O2S2/c1-10-5-7-12(8-6-10)19(16,17)15-14-11(2)13-4-3-9-18-13/h3-9,15H,1-2H3/b14-11+","QYIGWVSKOVPXJX-SDNWHVSQSA-N","C13H14N2O2S2",58.53,294.049669688,294.401,2.759020000000001,,,,"Laboratório de Integração entre Técnicas Experimentais e Computacionais (LITEC) ","University of São Paulo ","São Paulo","São Paulo","Future Medicinal Chemistry",2020,13,0,223,250,"10.4155/fmc-2020-0229"
"IRA-68","1i","C/C(=N\NS(=O)(=O)c1ccc(C)cc1)c1ccc2c(c1)OCO2","Sulfonylhydrazones",2,2,1,"N-[1-(1,3-benzodioxol-5-yl)ethylideneamino]-4-methylbenzenesulfonamide","401595-24-2","4-Methylbenzenesulfonic acid 2-[1-(1,3-benzodioxol-5-yl)ethylidene]hydrazide","InChI=1S/C16H16N2O4S/c1-11-3-6-14(7-4-11)23(19,20)18-17-12(2)13-5-8-15-16(9-13)22-10-21-15/h3-9,18H,10H2,1-2H3/b17-12+","BKOUJTNGDCBRKT-SFQUDFHCSA-N","C16H16N2O4S",76.99000000000001,332.083077992,332.3810000000001,2.426220000000001,,,,"Laboratório de Integração entre Técnicas Experimentais e Computacionais (LITEC) ","University of São Paulo ","São Paulo","São Paulo","Future Medicinal Chemistry",2020,13,0,223,250,"10.4155/fmc-2020-0229"
"IRA-69","2a","O=S(=O)(N/N=C/c1ccco1)c1ccc(Cl)cc1","Sulfonylhydrazones",3,3,2,"4-chloro-N-(furan-2-ylmethylideneamino)benzenesulfonamide","209977-28-6","4-Chlorobenzenesulfonic acid 2-(2-furanylmethylene)hydrazide","InChI=1S/C11H9ClN2O3S/c12-9-3-5-11(6-4-9)18(15,16)14-13-8-10-2-1-7-17-10/h1-8,14H/b13-8+","QCKKPGXXAPAAKZ-MDWZMJQESA-N","C11H9ClN2O3S",71.67,284.002240828,284.724,2.2454,,,,"Laboratório de Integração entre Técnicas Experimentais e Computacionais (LITEC) ","University of São Paulo ","São Paulo","São Paulo","Future Medicinal Chemistry",2020,13,0,223,250,"10.4155/fmc-2020-0229"
"IRA-70","2b","O=[N+]([O-])c1ccc(/C=N/NS(=O)(=O)c2ccc(Cl)cc2)o1","Sulfonylhydrazones",2,2,2,"4-chloro-N-[(5-nitrofuran-2-yl)methylideneamino]benzenesulfonamide","37430-17-4","4-Chlorobenzenesulfonic acid 2-[(5-nitro-2-furanyl)methylene]hydrazide","InChI=1S/C11H8ClN3O5S/c12-8-1-4-10(5-2-8)21(18,19)14-13-7-9-3-6-11(20-9)15(16)17/h1-7,14H/b13-7+","OCTXGVIUUIMAHQ-NTUHNPAUSA-N","C11H8ClN3O5S",114.81,328.987319036,329.7210000000001,2.1536,,,,"Laboratório de Integração entre Técnicas Experimentais e Computacionais (LITEC) ","University of São Paulo ","São Paulo","São Paulo","Future Medicinal Chemistry",2020,13,0,223,250,"10.4155/fmc-2020-0229"
"IRA-71","2c","O=S(=O)(N/N=C/c1cccs1)c1ccc(Cl)cc1","Sulfonylhydrazones",2,2,1,"4-chloro-N-(thiophen-2-ylmethylideneamino)benzenesulfonamide","209977-20-8","4-Chlorobenzenesulfonic acid 2-(2-thienylmethylene)hydrazide","InChI=1S/C11H9ClN2O2S2/c12-9-3-5-11(6-4-9)18(15,16)14-13-8-10-2-1-7-17-10/h1-8,14H/b13-8+","OFPWUGXHTYRDDK-MDWZMJQESA-N","C11H9ClN2O2S2",58.53,299.979397208,300.792,2.713900000000001,,,,"Laboratório de Integração entre Técnicas Experimentais e Computacionais (LITEC) ","University of São Paulo ","São Paulo","São Paulo","Future Medicinal Chemistry",2020,13,0,223,250,"10.4155/fmc-2020-0229"
"IRA-72","2d","O=[N+]([O-])c1ccc(/C=N/NS(=O)(=O)c2ccc(Cl)cc2)s1","Sulfonylhydrazones",3,3,2,"4-chloro-N-[(5-nitrothiophen-2-yl)methylideneamino]benzenesulfonamide","351505-77-6","4-Chlorobenzenesulfonic acid 2-[(5-nitro-2-thienyl)methylene]hydrazide","InChI=1S/C11H8ClN3O4S2/c12-8-1-4-10(5-2-8)21(18,19)14-13-7-9-3-6-11(20-9)15(16)17/h1-7,14H/b13-7+","RWCNRARHAUYOSN-NTUHNPAUSA-N","C11H8ClN3O4S2",101.67,344.964475416,345.7890000000001,2.622100000000001,,,,"Laboratório de Integração entre Técnicas Experimentais e Computacionais (LITEC) ","University of São Paulo ","São Paulo","São Paulo","Future Medicinal Chemistry",2020,13,0,223,250,"10.4155/fmc-2020-0229"
"IRA-73","2e","O=S(=O)(N/N=C/c1ccc[nH]1)c1ccc(Cl)cc1","Sulfonylhydrazones",2,2,2,"","560103-33-5","4-Chlorobenzenesulfonic acid 2-(1H-pyrrol-2-ylmethylene)hydrazide","InChI=1S/C11H10ClN3O2S/c12-9-3-5-11(6-4-9)18(16,17)15-14-8-10-2-1-7-13-10/h1-8,13,15H/b14-8+","RWHGDDJHCCWZKQ-RIYZIHGNSA-N","C11H10ClN3O2S",74.32,283.01822524,283.74,1.9805,,,,"Laboratório de Integração entre Técnicas Experimentais e Computacionais (LITEC) ","University of São Paulo ","São Paulo","São Paulo","Future Medicinal Chemistry",2020,13,0,223,250,"10.4155/fmc-2020-0229"
"IRA-74","2f","CN(C)c1ccc(C=NNS(=O)(=O)c2ccc(Cl)cc2)cc1","Sulfonylhydrazones",3,3,2,"4-chloro-N-[[4-(dimethylamino)phenyl]methylideneamino]benzenesulfonamide","93432-72-5","4-Chlorobenzenesulfonic acid 2-[[4-(dimethylamino)phenyl]methylene]hydrazide","InChI=1S/C15H16ClN3O2S/c1-19(2)14-7-3-12(4-8-14)11-17-18-22(20,21)15-9-5-13(16)6-10-15/h3-11,18H,1-2H3","FJZPISJBKFVSKJ-UHFFFAOYSA-N","C15H16ClN3O2S",61.77,337.065175432,337.832,2.718400000000001,,,,"Laboratório de Integração entre Técnicas Experimentais e Computacionais (LITEC) ","University of São Paulo ","São Paulo","São Paulo","Future Medicinal Chemistry",2020,13,0,223,250,"10.4155/fmc-2020-0229"
"IRA-75","2g","C/C(=N\NS(=O)(=O)c1ccc(Cl)cc1)c1ccco1","Sulfonylhydrazones",2,2,2,"4-chloro-N-(1-furan-2-ylethylideneamino)benzenesulfonamide","540796-27-8","4-Chlorobenzenesulfonic acid 2-[1-(2-furanyl)ethylidene]hydrazide","InChI=1S/C12H11ClN2O3S/c1-9(12-3-2-8-18-12)14-15-19(16,17)11-6-4-10(13)5-7-11/h2-8,15H,1H3/b14-9+","LHCCXULDMCRQCU-NTEUORMPSA-N","C12H11ClN2O3S",71.67,298.017890892,298.751,2.635500000000001,,,,"Laboratório de Integração entre Técnicas Experimentais e Computacionais (LITEC) ","University of São Paulo ","São Paulo","São Paulo","Future Medicinal Chemistry",2020,13,0,223,250,"10.4155/fmc-2020-0229"
"IRA-76","2h","C/C(=N\NS(=O)(=O)c1ccc(Cl)cc1)c1cccs1","Sulfonylhydrazones",3,3,2,"4-chloro-N-(1-thiophen-2-ylethylideneamino)benzenesulfonamide","540791-44-4","4-Chlorobenzenesulfonic acid 2-[1-(2-thienyl)ethylidene]hydrazide","InChI=1S/C12H11ClN2O2S2/c1-9(12-3-2-8-18-12)14-15-19(16,17)11-6-4-10(13)5-7-11/h2-8,15H,1H3/b14-9+","RFHGEKSZYGSBST-NTEUORMPSA-N","C12H11ClN2O2S2",58.53,313.995047272,314.819,3.104000000000002,,,,"Laboratório de Integração entre Técnicas Experimentais e Computacionais (LITEC) ","University of São Paulo ","São Paulo","São Paulo","Future Medicinal Chemistry",2020,13,0,223,250,"10.4155/fmc-2020-0229"
"IRA-77","2i","C/C(=N\NS(=O)(=O)c1ccc(Cl)cc1)c1ccc2c(c1)OCO2","Sulfonylhydrazones",3,3,2,"N-[1-(1,3-benzodioxol-5-yl)ethylideneamino]-4-chlorobenzenesulfonamide","540792-23-2","4-Chlorobenzenesulfonic acid 2-[1-(1,3-benzodioxol-5-yl)ethylidene]hydrazide","InChI=1S/C15H13ClN2O4S/c1-10(11-2-7-14-15(8-11)22-9-21-14)17-18-23(19,20)13-5-3-12(16)4-6-13/h2-8,18H,9H2,1H3/b17-10+","OWQGFUFWFSKRDH-LICLKQGHSA-N","C15H13ClN2O4S",76.99000000000001,352.0284555759999,352.7990000000001,2.771200000000001,,,,"Laboratório de Integração entre Técnicas Experimentais e Computacionais (LITEC) ","University of São Paulo ","São Paulo","São Paulo","Future Medicinal Chemistry",2020,13,0,223,250,"10.4155/fmc-2020-0229"
"IRA-78","3a","CC(=O)Nc1ccc(S(=O)(=O)N/N=C/c2ccco2)cc1","Sulfonylhydrazones",2,2,2,"N-[4-[(furan-2-ylmethylideneamino)sulfamoyl]phenyl]acetamide","6289-97-0","4-(Acetylamino)benzenesulfonic acid 2-(2-furanylmethylene)hydrazide","InChI=1S/C13H13N3O4S/c1-10(17)15-11-4-6-13(7-5-11)21(18,19)16-14-9-12-3-2-8-20-12/h2-9,16H,1H3,(H,15,17)/b14-9+","HOQVVEPRSODADI-NTEUORMPSA-N","C13H13N3O4S",100.77,307.062676896,307.331,1.5504,,,,"Laboratório de Integração entre Técnicas Experimentais e Computacionais (LITEC) ","University of São Paulo ","São Paulo","São Paulo","Future Medicinal Chemistry",2020,13,0,223,250,"10.4155/fmc-2020-0229"
"IRA-79","3b","CC(=O)Nc1ccc(S(=O)(=O)N/N=C/c2ccc([N+](=O)[O-])o2)cc1","Sulfonylhydrazones",2,2,2,"","100396-47-2","4-(Acetylamino)benzenesulfonic acid 2-[(5-nitro-2-furanyl)methylene]hydrazide","InChI=1S/C13H12N4O6S/c1-9(18)15-10-2-5-12(6-3-10)24(21,22)16-14-8-11-4-7-13(23-11)17(19)20/h2-8,16H,1H3,(H,15,18)/b14-8+","DBTLJRQUHLOFMQ-RIYZIHGNSA-N","C13H12N4O6S",143.91,352.047755104,352.3280000000001,1.4586,,,,"Laboratório de Integração entre Técnicas Experimentais e Computacionais (LITEC) ","University of São Paulo ","São Paulo","São Paulo","Future Medicinal Chemistry",2020,13,0,223,250,"10.4155/fmc-2020-0229"
"IRA-80","3c","CC(=O)Nc1ccc(S(=O)(=O)N/N=C/c2cccs2)cc1","Sulfonylhydrazones",2,2,1,"N-[4-[(thiophen-2-ylmethylideneamino)sulfamoyl]phenyl]acetamide","524934-02-9","4-(Acetylamino)benzenesulfonic acid 2-(2-thienylmethylene)hydrazide","InChI=1S/C13H13N3O3S2/c1-10(17)15-11-4-6-13(7-5-11)21(18,19)16-14-9-12-3-2-8-20-12/h2-9,16H,1H3,(H,15,17)/b14-9+","USCZKPXVNVRLRC-NTEUORMPSA-N","C13H13N3O3S2",87.63,323.0398332760001,323.399,2.0189,,,,"Laboratório de Integração entre Técnicas Experimentais e Computacionais (LITEC) ","University of São Paulo ","São Paulo","São Paulo","Future Medicinal Chemistry",2020,13,0,223,250,"10.4155/fmc-2020-0229"
"IRA-81","3d","CC(=O)Nc1ccc(S(=O)(=O)N/N=C/c2ccc([N+](=O)[O-])s2)cc1","Sulfonylhydrazones",3,3,2,"","","","InChI=1S/C13H12N4O5S2/c1-9(18)15-10-2-5-12(6-3-10)24(21,22)16-14-8-11-4-7-13(23-11)17(19)20/h2-8,16H,1H3,(H,15,18)/b14-8+","OPGJZCUHRXFFHZ-RIYZIHGNSA-N","C13H12N4O5S2",130.77,368.024911484,368.3960000000001,1.9271,,,,"Laboratório de Integração entre Técnicas Experimentais e Computacionais (LITEC) ","University of São Paulo ","São Paulo","São Paulo","Future Medicinal Chemistry",2020,13,0,223,250,"10.4155/fmc-2020-0229"
"IRA-82","3e","CC(=O)Nc1ccc(S(=O)(=O)N/N=C/c2ccc[nH]2)cc1","Sulfonylhydrazones",2,2,2,"","2156-89-0","4-(Acetylamino)benzenesulfonic acid 2-(1H-pyrrol-2-ylmethylene)hydrazide","InChI=1S/C13H14N4O3S/c1-10(18)16-11-4-6-13(7-5-11)21(19,20)17-15-9-12-3-2-8-14-12/h2-9,14,17H,1H3,(H,16,18)/b15-9+","DBPPSMUQUPMLBG-OQLLNIDSSA-N","C13H14N4O3S",103.42,306.0786613080001,306.347,1.2855,,,,"Laboratório de Integração entre Técnicas Experimentais e Computacionais (LITEC) ","University of São Paulo ","São Paulo","São Paulo","Future Medicinal Chemistry",2020,13,0,223,250,"10.4155/fmc-2020-0229"
"IRA-83","3f","CC(=O)Nc1ccc(S(=O)(=O)N/N=C/c2ccc(N(C)C)cc2)cc1","Sulfonylhydrazones",2,2,1,"N-[4-[[(4-dimethylaminophenyl)methylideneamino]sulfamoyl]phenyl]acetamide","93726-34-2","4-(Acetylamino)benzenesulfonic acid 2-[[4-(dimethylamino)phenyl]methylene]hydrazide","InChI=1S/C17H20N4O3S/c1-13(22)19-15-6-10-17(11-7-15)25(23,24)20-18-12-14-4-8-16(9-5-14)21(2)3/h4-12,20H,1-3H3,(H,19,22)/b18-12+","ZIPOUWGEGMUTRG-LDADJPATSA-N","C17H20N4O3S",90.86999999999999,360.1256115,360.4390000000001,2.0234,,,,"Laboratório de Integração entre Técnicas Experimentais e Computacionais (LITEC) ","University of São Paulo ","São Paulo","São Paulo","Future Medicinal Chemistry",2020,13,0,223,250,"10.4155/fmc-2020-0229"
"IRA-84","3g","CC(=O)Nc1ccc(S(=O)(=O)N/N=C(\C)c2ccco2)cc1","Sulfonylhydrazones",2,2,2,"","","","InChI=1S/C14H15N3O4S/c1-10(14-4-3-9-21-14)16-17-22(19,20)13-7-5-12(6-8-13)15-11(2)18/h3-9,17H,1-2H3,(H,15,18)/b16-10+","HUIYVTBRQKBJMJ-MHWRWJLKSA-N","C14H15N3O4S",100.77,321.07832696,321.3580000000001,1.9405,,,,"Laboratório de Integração entre Técnicas Experimentais e Computacionais (LITEC) ","University of São Paulo ","São Paulo","São Paulo","Future Medicinal Chemistry",2020,13,0,223,250,"10.4155/fmc-2020-0229"
"IRA-85","3h","CC(=O)Nc1ccc(S(=O)(=O)N/N=C(\C)c2cccs2)cc1","Sulfonylhydrazones",3,3,2,"N-[4-[(1-thiophen-2-ylethylideneamino)sulfamoyl]phenyl]acetamide","5460-19-5","4-(Acetylamino)benzenesulfonic acid 2-[1-(2-thienyl)ethylidene]hydrazide","InChI=1S/C14H15N3O3S2/c1-10(14-4-3-9-21-14)16-17-22(19,20)13-7-5-12(6-8-13)15-11(2)18/h3-9,17H,1-2H3,(H,15,18)/b16-10+","PHMGLFYTVFTZTL-MHWRWJLKSA-N","C14H15N3O3S2",87.63,337.0554833400001,337.426,2.409000000000001,,,,"Laboratório de Integração entre Técnicas Experimentais e Computacionais (LITEC) ","University of São Paulo ","São Paulo","São Paulo","Future Medicinal Chemistry",2020,13,0,223,250,"10.4155/fmc-2020-0229"
"IRA-86","3i","CC(=O)Nc1ccc(S(=O)(=O)N/N=C(\C)c2ccc3c(c2)OCO3)cc1","Sulfonylhydrazones",2,2,2,"","","","InChI=1S/C17H17N3O5S/c1-11(13-3-8-16-17(9-13)25-10-24-16)19-20-26(22,23)15-6-4-14(5-7-15)18-12(2)21/h3-9,20H,10H2,1-2H3,(H,18,21)/b19-11+","JBJOQICPPITZPB-YBFXNURJSA-N","C17H17N3O5S",106.09,375.088891644,375.4060000000002,2.0762,,,,"Laboratório de Integração entre Técnicas Experimentais e Computacionais (LITEC) ","University of São Paulo ","São Paulo","São Paulo","Future Medicinal Chemistry",2020,13,0,223,250,"10.4155/fmc-2020-0229"
"IRA-88","4b","CS(=O)(=O)N/N=C/c1ccc([N+](=O)[O-])o1","Sulfonylhydrazones",3,3,2,"","13777-57-6","Methanesulfonic acid, 2-[(5-nitro-2-furanyl)methylene]hydrazide","InChI=1S/C6H7N3O5S/c1-15(12,13)8-7-4-5-2-3-6(14-5)9(10)11/h2-4,8H,1H3/b7-4+","FYFFYQPSLPWPOF-QPJJXVBHSA-N","C6H7N3O5S",114.81,233.010641324,233.205,0.07090000000000024,,,,"Laboratório de Integração entre Técnicas Experimentais e Computacionais (LITEC) ","University of São Paulo ","São Paulo","São Paulo","Future Medicinal Chemistry",2020,13,0,223,250,"10.4155/fmc-2020-0229"
"IRA-89","4c","CS(=O)(=O)N/N=C/c1cccs1","Sulfonylhydrazones",3,3,2,"N-(thiophen-2-ylmethylideneamino)methanesulfonamide","416886-67-4","Methanesulfonic acid, 2-(2-thienylmethylene)hydrazide","InChI=1S/C6H8N2O2S2/c1-12(9,10)8-7-5-6-3-2-4-11-6/h2-5,8H,1H3/b7-5+","IPIQMLSJILVCCW-FNORWQNLSA-N","C6H8N2O2S2",58.53,204.002719496,204.276,0.6312,,,,"Laboratório de Integração entre Técnicas Experimentais e Computacionais (LITEC) ","University of São Paulo ","São Paulo","São Paulo","Future Medicinal Chemistry",2020,13,0,223,250,"10.4155/fmc-2020-0229"
"IRA-90","4d","CS(=O)(=O)NN=Cc1ccc([N+](=O)[O-])s1","Sulfonylhydrazones",2,2,2,"","","","InChI=1S/C6H7N3O4S2/c1-15(12,13)8-7-4-5-2-3-6(14-5)9(10)11/h2-4,8H,1H3","XNBSCCOIRIRAOZ-UHFFFAOYSA-N","C6H7N3O4S2",101.67,248.987797704,249.273,0.5394000000000003,,,,"Laboratório de Integração entre Técnicas Experimentais e Computacionais (LITEC) ","University of São Paulo ","São Paulo","São Paulo","Future Medicinal Chemistry",2020,13,0,223,250,"10.4155/fmc-2020-0229"
"IRA-91","5a","CCS(=O)(=O)N/N=C/c1ccco1","Sulfonylhydrazones",3,3,2,"","1882971-02-9","Ethanesulfonic acid, 2-(2-furanylmethylene)hydrazide","InChI=1S/C7H10N2O3S/c1-2-13(10,11)9-8-6-7-4-3-5-12-7/h3-6,9H,2H2,1H3/b8-6+","NARYDNNOAKIBIC-SOFGYWHQSA-N","C7H10N2O3S",71.67,202.04121318,202.235,0.5528,,,,"Laboratório de Integração entre Técnicas Experimentais e Computacionais (LITEC) ","University of São Paulo ","São Paulo","São Paulo","Future Medicinal Chemistry",2020,13,0,223,250,"10.4155/fmc-2020-0229"
"IRA-92","5b","CCS(=O)(=O)NN=Cc1ccc([N+](=O)[O-])o1","Sulfonylhydrazones",3,3,2,"","","","InChI=1S/C7H9N3O5S/c1-2-16(13,14)9-8-5-6-3-4-7(15-6)10(11)12/h3-5,9H,2H2,1H3","FQMSOHKCEOGKTJ-UHFFFAOYSA-N","C7H9N3O5S",114.81,247.026291388,247.232,0.4609999999999998,,,,"Laboratório de Integração entre Técnicas Experimentais e Computacionais (LITEC) ","University of São Paulo ","São Paulo","São Paulo","Future Medicinal Chemistry",2020,13,0,223,250,"10.4155/fmc-2020-0229"
"IRA-93","5c","CCS(=O)(=O)N/N=C/c1cccs1","Sulfonylhydrazones",3,3,2,"","1539162-98-5","Ethanesulfonic acid 2-(2-thienylmethylene)hydrazide","InChI=1S/C7H10N2O2S2/c1-2-13(10,11)9-8-6-7-4-3-5-12-7/h3-6,9H,2H2,1H3/b8-6+","JWOHKCCQUQJZBY-SOFGYWHQSA-N","C7H10N2O2S2",58.53,218.01836956,218.303,1.0213,,,,"Laboratório de Integração entre Técnicas Experimentais e Computacionais (LITEC) ","University of São Paulo ","São Paulo","São Paulo","Future Medicinal Chemistry",2020,13,0,223,250,"10.4155/fmc-2020-0229"
"IRA-94","5d","CCS(=O)(=O)NN=Cc1ccc([N+](=O)[O-])s1","Sulfonylhydrazones",3,3,2,"","","","InChI=1S/C7H9N3O4S2/c1-2-16(13,14)9-8-5-6-3-4-7(15-6)10(11)12/h3-5,9H,2H2,1H3","PMGMVDMQOYWFRA-UHFFFAOYSA-N","C7H9N3O4S2",101.67,263.003447768,263.3,0.9294999999999998,,,,"Laboratório de Integração entre Técnicas Experimentais e Computacionais (LITEC) ","University of São Paulo ","São Paulo","São Paulo","Future Medicinal Chemistry",2020,13,0,223,250,"10.4155/fmc-2020-0229"
"IRA-95","1a","Oc1cccc2cccnc12","Quinoline",3,3,2,"quinolin-8-ol","148-24-3","8-Hydroxyquinoline","InChI=1S/C9H7NO/c11-8-5-1-3-7-4-2-6-10-9(7)8/h1-6,11H","MCJGNVYPOGVAJF-UHFFFAOYSA-N","C9H7NO",33.12,145.052763844,145.161,1.940399999999999,,,,"Instituto de Ciências Ambientais, Químicas e Farmacêuticas (ICAQF)","Federal University of São Paulo","São Paulo","Diadema","Future Medicinal Chemistry",2018,10,0,2069,2085,"10.4155/fmc-2018-0124"
"IRA-96","1b","Oc1ccc(Cl)c2cccnc12","Quinoline",3,3,2,"5-chloroquinolin-8-ol","130-16-5","5-Chloro-8-hydroxyquinoline","InChI=1S/C9H6ClNO/c10-7-3-4-8(12)9-6(7)2-1-5-11-9/h1-5,12H","CTQMJYWDVABFRZ-UHFFFAOYSA-N","C9H6ClNO",33.12,179.013791492,179.606,2.593800000000001,,,,"Instituto de Ciências Ambientais, Químicas e Farmacêuticas (ICAQF)","Federal University of São Paulo","São Paulo","Diadema","Future Medicinal Chemistry",2018,10,0,2069,2085,"10.4155/fmc-2018-0124"
"IRA-97","1c","Oc1c(Br)ccc2cccnc12","Quinoline",3,3,2,"7-bromoquinolin-8-ol","13019-32-4","7-Bromo-8-hydroxyquinoline","InChI=1S/C9H6BrNO/c10-7-4-3-6-2-1-5-11-8(6)9(7)12/h1-5,12H","ICKPMTNGWVNOGC-UHFFFAOYSA-N","C9H6BrNO",33.12,222.963275912,224.057,2.702900000000001,,,,"Instituto de Ciências Ambientais, Químicas e Farmacêuticas (ICAQF)","Federal University of São Paulo","São Paulo","Diadema","Future Medicinal Chemistry",2018,10,0,2069,2085,"10.4155/fmc-2018-0124"
"IRA-98","2a","Oc1c(I)cc(I)c2cccnc12","Quinoline",2,2,2,"5,7-diiodoquinolin-8-ol","83-73-8","5,7-Diiodo-8-hydroxyquinoline","InChI=1S/C9H5I2NO/c10-6-4-7(11)9(13)8-5(6)2-1-3-12-8/h1-4,13H","UXZFQZANDVDGMM-UHFFFAOYSA-N","C9H5I2NO",33.12,396.84605978,396.953,3.1496,,,,"Instituto de Ciências Ambientais, Químicas e Farmacêuticas (ICAQF)","Federal University of São Paulo","São Paulo","Diadema","Future Medicinal Chemistry",2018,10,0,2069,2085,"10.4155/fmc-2018-0124"
"IRA-99","2b","Oc1c(I)cc(Cl)c2cccnc12","Quinoline",3,3,2,"5-chloro-7-iodoquinolin-8-ol","130-26-7","Clioquinol","InChI=1S/C9H5ClINO/c10-6-4-7(11)9(13)8-5(6)2-1-3-12-8/h1-4,13H","QCDFBFJGMNKBDO-UHFFFAOYSA-N","C9H5ClINO",33.12,304.91043946,305.502,3.1984,,,,"Instituto de Ciências Ambientais, Químicas e Farmacêuticas (ICAQF)","Federal University of São Paulo","São Paulo","Diadema","Future Medicinal Chemistry",2018,10,0,2069,2085,"10.4155/fmc-2018-0124"
"IRA-101","3a","COc1cccc2cccnc12","Methyl ether",2,2,2,"8-methoxyquinoline","938-33-0","8-Methoxyquinoline","InChI=1S/C10H9NO/c1-12-9-6-2-4-8-5-3-7-11-10(8)9/h2-7H,1H3","ZLKGGEBOALGXJZ-UHFFFAOYSA-N","C10H9NO",22.12,159.068413908,159.188,2.2434,,,,"Instituto de Ciências Ambientais, Químicas e Farmacêuticas (ICAQF)","Federal University of São Paulo","São Paulo","Diadema","Future Medicinal Chemistry",2018,10,0,2069,2085,"10.4155/fmc-2018-0124"
"IRA-102","3b","COc1c(I)cc(I)c2cccnc12","Methyl ether",2,2,2,"5,7-diiodo-8-methoxyquinoline","17012-50-9","5,7-Diiodo-8-methoxyquinoline","InChI=1S/C10H7I2NO/c1-14-10-8(12)5-7(11)6-3-2-4-13-9(6)10/h2-5H,1H3","TZPPQPBFWBFJRO-UHFFFAOYSA-N","C10H7I2NO",22.12,410.861709844,410.98,3.452600000000001,,,,"Instituto de Ciências Ambientais, Químicas e Farmacêuticas (ICAQF)","Federal University of São Paulo","São Paulo","Diadema","Future Medicinal Chemistry",2018,10,0,2069,2085,"10.4155/fmc-2018-0124"
"IRA-103","3c","COc1c(I)cc(Cl)c2cccnc12","Methyl ether",2,2,2,"5-chloro-7-iodo-8-methoxyquinoline","91240-91-4","5-Chloro-7-iodo-8-methoxyquinoline","InChI=1S/C10H7ClINO/c1-14-10-8(12)5-7(11)6-3-2-4-13-9(6)10/h2-5H,1H3","YODYZPGSHFTXFY-UHFFFAOYSA-N","C10H7ClINO",22.12,318.926089524,319.529,3.501400000000001,,,,"Instituto de Ciências Ambientais, Químicas e Farmacêuticas (ICAQF)","Federal University of São Paulo","São Paulo","Diadema","Future Medicinal Chemistry",2018,10,0,2069,2085,"10.4155/fmc-2018-0124"
"IRA-104","3d","COc1c(Br)cc(I)c2cccnc12","Methyl ether",2,2,2,"7-bromo-5-iodo-8-methoxyquinoline","3053720-28-5","Quinoline, 7-bromo-5-iodo-8-methoxy-","InChI=1S/C10H7BrINO/c1-14-10-7(11)5-8(12)6-3-2-4-13-9(6)10/h2-5H,1H3","IXFMFUZJHLNHHU-UHFFFAOYSA-N","C10H7BrINO",22.12,362.875573944,363.98,3.610500000000001,,,,"Instituto de Ciências Ambientais, Químicas e Farmacêuticas (ICAQF)","Federal University of São Paulo","São Paulo","Diadema","Future Medicinal Chemistry",2018,10,0,2069,2085,"10.4155/fmc-2018-0124"
"IRA-105","4a","c1ccc(COc2cccc3cccnc23)cc1","Benzyl ether",2,2,2,"8-(Benzyloxy)quinoline","84165-42-4","8-(Phenylmethoxy)quinoline","InChI=1S/C16H13NO/c1-2-6-13(7-3-1)12-18-15-10-4-8-14-9-5-11-17-16(14)15/h1-11H,12H2","FPFKXDKOMIEEPB-UHFFFAOYSA-N","C16H13NO",22.12,235.099714036,235.286,3.813800000000002,,,,"Instituto de Ciências Ambientais, Químicas e Farmacêuticas (ICAQF)","Federal University of São Paulo","São Paulo","Diadema","Future Medicinal Chemistry",2018,10,0,2069,2085,"10.4155/fmc-2018-0124"
"IRA-106","4b","Ic1cc(I)c2cccnc2c1OCc1ccccc1","Benzyl ether",2,2,2,"5,7-diiodo-8-phenylmethoxyquinoline","1293288-23-9","5,7-Diiodo-8-(phenylmethoxy)quinoline","InChI=1S/C16H11I2NO/c17-13-9-14(18)16(15-12(13)7-4-8-19-15)20-10-11-5-2-1-3-6-11/h1-9H,10H2","QJJSTBWDOCIDAL-UHFFFAOYSA-N","C16H11I2NO",22.12,486.893009972,487.0780000000002,5.023000000000003,,,,"Instituto de Ciências Ambientais, Químicas e Farmacêuticas (ICAQF)","Federal University of São Paulo","São Paulo","Diadema","Future Medicinal Chemistry",2018,10,0,2069,2085,"10.4155/fmc-2018-0124"
"IRA-107","4c","Clc1cc(I)c(OCc2ccccc2)c2ncccc12","Benzyl ether",2,2,2,"5-chloro-7-iodo-8-phenylmethoxyquinoline","1165802-39-0","5-Chloro-7-iodo-8-(phenylmethoxy)quinoline","InChI=1S/C16H11ClINO/c17-13-9-14(18)16(15-12(13)7-4-8-19-15)20-10-11-5-2-1-3-6-11/h1-9H,10H2","IPSDCOUKONULSR-UHFFFAOYSA-N","C16H11ClINO",22.12,394.9573896520001,395.6270000000001,5.071800000000003,,,,"Instituto de Ciências Ambientais, Químicas e Farmacêuticas (ICAQF)","Federal University of São Paulo","São Paulo","Diadema","Future Medicinal Chemistry",2018,10,0,2069,2085,"10.4155/fmc-2018-0124"
"IRA-108","4d","Brc1cc(I)c2cccnc2c1OCc1ccccc1","Benzyl ether",2,2,2,"8-(Benzyloxy)-7-bromo-5-iodoquinoline","3053720-29-6","Quinoline, 7-bromo-5-iodo-8-(phenylmethoxy)-","InChI=1S/C16H11BrINO/c17-13-9-14(18)12-7-4-8-19-15(12)16(13)20-10-11-5-2-1-3-6-11/h1-9H,10H2","SOAOVVFQCIFXTQ-UHFFFAOYSA-N","C16H11BrINO",22.12,438.906874072,440.0780000000001,5.180900000000003,,,,"Instituto de Ciências Ambientais, Químicas e Farmacêuticas (ICAQF)","Federal University of São Paulo","São Paulo","Diadema","Future Medicinal Chemistry",2018,10,0,2069,2085,"10.4155/fmc-2018-0124"
"IRA-109","5a","CC(=O)Oc1cccc2cccnc12","Acetate",2,2,2,"quinolin-8-yl acetate","2598-29-0","8-Acetoxyquinoline","InChI=1S/C11H9NO2/c1-8(13)14-10-6-2-4-9-5-3-7-12-11(9)10/h2-7H,1H3","MZPCTRNDYNHZQE-UHFFFAOYSA-N","C11H9NO2",39.19,187.063328528,187.198,2.1601,,,,"Instituto de Ciências Ambientais, Químicas e Farmacêuticas (ICAQF)","Federal University of São Paulo","São Paulo","Diadema","Future Medicinal Chemistry",2018,10,0,2069,2085,"10.4155/fmc-2018-0124"
"IRA-110","5b","CC(=O)Oc1c(I)cc(I)c2cccnc12","Acetate",2,2,2,"5,7-Diiodoquinolin-8-yl acetate","27037-53-2","8-Quinolinol, 5,7-diiodo-, 8-acetate","InChI=1S/C11H7I2NO2/c1-6(15)16-11-9(13)5-8(12)7-3-2-4-14-10(7)11/h2-5H,1H3","ZBGWGQPDIHCCLY-UHFFFAOYSA-N","C11H7I2NO2",39.19,438.856624464,438.9900000000001,3.369300000000002,,,,"Instituto de Ciências Ambientais, Químicas e Farmacêuticas (ICAQF)","Federal University of São Paulo","São Paulo","Diadema","Future Medicinal Chemistry",2018,10,0,2069,2085,"10.4155/fmc-2018-0124"
"IRA-111","5c","CC(=O)Oc1c(I)cc(Cl)c2cccnc12","Acetate",3,3,2,"(5-chloro-7-iodoquinolin-8-yl) acetate","27037-46-3","8-Quinolinol, 5-chloro-7-iodo-, 8-acetate","InChI=1S/C11H7ClINO2/c1-6(15)16-11-9(13)5-8(12)7-3-2-4-14-10(7)11/h2-5H,1H3","RSEDJGQHEVYWOD-UHFFFAOYSA-N","C11H7ClINO2",39.19,346.9210041440001,347.5390000000001,3.418100000000002,,,,"Instituto de Ciências Ambientais, Químicas e Farmacêuticas (ICAQF)","Federal University of São Paulo","São Paulo","Diadema","Future Medicinal Chemistry",2018,10,0,2069,2085,"10.4155/fmc-2018-0124"
"IRA-112","5d","CC(=O)Oc1c(Br)cc(I)c2cccnc12","Acetate",3,3,2,"7-Bromo-5-iodoquinolin-8-yl acetate","3053720-30-9","8-Quinolinol, 7-bromo-5-iodo-, 8-acetate","InChI=1S/C11H7BrINO2/c1-6(15)16-11-8(12)5-9(13)7-3-2-4-14-10(7)11/h2-5H,1H3","MWJLOALULPLDEF-UHFFFAOYSA-N","C11H7BrINO2",39.19,390.8704885640001,391.9900000000001,3.527200000000001,,,,"Instituto de Ciências Ambientais, Químicas e Farmacêuticas (ICAQF)","Federal University of São Paulo","São Paulo","Diadema","Future Medicinal Chemistry",2018,10,0,2069,2085,"10.4155/fmc-2018-0124"
"IRA-113","6a","O=C(Oc1cccc2cccnc12)c1ccccc1","Benzoate",2,2,2,"quinolin-8-yl benzoate","86-75-9","Benzoxiquine","InChI=1S/C16H11NO2/c18-16(13-6-2-1-3-7-13)19-14-10-4-8-12-9-5-11-17-15(12)14/h1-11H","BHKPHCKISVSDGV-UHFFFAOYSA-N","C16H11NO2",39.19,249.078978592,249.269,3.454000000000002,,,,"Instituto de Ciências Ambientais, Químicas e Farmacêuticas (ICAQF)","Federal University of São Paulo","São Paulo","Diadema","Future Medicinal Chemistry",2018,10,0,2069,2085,"10.4155/fmc-2018-0124"
"IRA-114","6b","O=C(Oc1c(I)cc(I)c2cccnc12)c1ccccc1","Benzoate",3,3,2,"(5,7-diiodoquinolin-8-yl) benzoate","13607-28-8","8-Quinolinol, 5,7-diiodo-, 8-benzoate","InChI=1S/C16H9I2NO2/c17-12-9-13(18)15(14-11(12)7-4-8-19-14)21-16(20)10-5-2-1-3-6-10/h1-9H","LRIIJXVIEVVTGB-UHFFFAOYSA-N","C16H9I2NO2",39.19,500.872274528,501.0610000000001,4.663200000000003,,,,"Instituto de Ciências Ambientais, Químicas e Farmacêuticas (ICAQF)","Federal University of São Paulo","São Paulo","Diadema","Future Medicinal Chemistry",2018,10,0,2069,2085,"10.4155/fmc-2018-0124"
"IRA-115","6c","O=C(Oc1c(I)cc(Cl)c2cccnc12)c1ccccc1","Benzoate",2,2,2,"(5-chloro-7-iodoquinolin-8-yl) benzoate","13607-30-2","8-Quinolinol, 5-chloro-7-iodo-, 8-benzoate","InChI=1S/C16H9ClINO2/c17-12-9-13(18)15(14-11(12)7-4-8-19-14)21-16(20)10-5-2-1-3-6-10/h1-9H","BPMHWHUDTDSCID-UHFFFAOYSA-N","C16H9ClINO2",39.19,408.936654208,409.6100000000001,4.712000000000002,,,,"Instituto de Ciências Ambientais, Químicas e Farmacêuticas (ICAQF)","Federal University of São Paulo","São Paulo","Diadema","Future Medicinal Chemistry",2018,10,0,2069,2085,"10.4155/fmc-2018-0124"
"IRA-116","6d","O=C(Oc1c(Br)cc(I)c2cccnc12)c1ccccc1","Benzoate",3,3,2,"7-Bromo-5-iodoquinolin-8-yl benzoate","3053720-31-0","8-Quinolinol, 7-bromo-5-iodo-, 8-benzoate","InChI=1S/C16H9BrINO2/c17-12-9-13(18)11-7-4-8-19-14(11)15(12)21-16(20)10-5-2-1-3-6-10/h1-9H","YWVWIMXOAIHWNV-UHFFFAOYSA-N","C16H9BrINO2",39.19,452.8861386280001,454.0610000000001,4.821100000000003,,,,"Instituto de Ciências Ambientais, Químicas e Farmacêuticas (ICAQF)","Federal University of São Paulo","São Paulo","Diadema","Future Medicinal Chemistry",2018,10,0,2069,2085,"10.4155/fmc-2018-0124"